Date,name of the week,Weekday/Weekend,Year,CompletedTrips,MaxTemp,MinTemp
12/30/17,Saturday,Weekend,2017,519,14,-0.9
12/23/17,Saturday,Weekend,2017,"1,600",33.8,21
12/16/17,Saturday,Weekend,2017,"3,269",46,28
12/9/17,Saturday,Weekend,2017,"1,675",30,19.9
12/2/17,Saturday,Weekend,2017,"5,233",54,33.1
11/25/17,Saturday,Weekend,2017,"2,814",53.1,34
11/18/17,Saturday,Weekend,2017,"1,558",46.9,35.1
11/11/17,Saturday,Weekend,2017,"2,675",37.9,26.1
11/4/17,Saturday,Weekend,2017,"2,353",48.9,44.1
10/28/17,Saturday,Weekend,2017,"4,015",39.9,36
10/21/17,Saturday,Weekend,2017,"8,513",75.9,60.1
10/14/17,Saturday,Weekend,2017,"1,417",64.9,62.1
10/7/17,Saturday,Weekend,2017,"6,093",77,61
9/30/17,Saturday,Weekend,2017,"8,233",66.9,54
9/23/17,Saturday,Weekend,2017,"9,582",93,73
9/16/17,Saturday,Weekend,2017,"10,230",87.1,64.9
9/9/17,Saturday,Weekend,2017,"9,614",71.1,55.9
9/2/17,Saturday,Weekend,2017,"7,117",73.9,50
8/26/17,Saturday,Weekend,2017,"9,603",77,57.9
8/19/17,Saturday,Weekend,2017,"10,378",84.9,63
8/12/17,Saturday,Weekend,2017,"10,349",75.9,60.1
8/5/17,Saturday,Weekend,2017,"10,255",79,60.1
7/29/17,Saturday,Weekend,2017,"10,562",79,64
7/22/17,Saturday,Weekend,2017,"9,407",86,72
7/15/17,Saturday,Weekend,2017,"10,908",80.1,61
7/8/17,Saturday,Weekend,2017,"11,678",77,63
7/1/17,Saturday,Weekend,2017,"9,399",82,66
6/24/17,Saturday,Weekend,2017,"10,458",75,59
6/17/17,Saturday,Weekend,2017,"8,262",84.9,71.1
6/10/17,Saturday,Weekend,2017,"10,073",90,64.9
6/3/17,Saturday,Weekend,2017,"10,137",82.9,60.1
5/27/17,Saturday,Weekend,2017,"7,554",77,52
5/20/17,Saturday,Weekend,2017,"3,702",64,48.9
5/13/17,Saturday,Weekend,2017,"7,807",81,48.9
5/6/17,Saturday,Weekend,2017,"4,993",57,44.1
4/29/17,Saturday,Weekend,2017,"1,643",46.4,39.9
4/22/17,Saturday,Weekend,2017,"5,684",59,43
4/15/17,Saturday,Weekend,2017,"7,696",82,62.1
4/8/17,Saturday,Weekend,2017,"6,642",66.9,37
4/1/17,Saturday,Weekend,2017,"4,769",57.9,34
3/25/17,Saturday,Weekend,2017,"1,479",46,41
3/18/17,Saturday,Weekend,2017,"2,956",44.1,37.9
3/11/17,Saturday,Weekend,2017,"2,098",30.9,18
3/4/17,Saturday,Weekend,2017,"2,689",42.1,28
2/25/17,Saturday,Weekend,2017,"1,772",33.1,23
2/18/17,Saturday,Weekend,2017,"6,694",70,41
2/11/17,Saturday,Weekend,2017,"3,236",48.9,34
2/4/17,Saturday,Weekend,2017,"1,956",33.1,10.9
1/28/17,Saturday,Weekend,2017,"2,073",28.9,24.1
1/21/17,Saturday,Weekend,2017,"5,436",57.9,41
1/14/17,Saturday,Weekend,2017,"1,947",35.1,21.9
1/7/17,Saturday,Weekend,2017,"1,265",17.1,0
12/31/17,Sunday,Weekend,2017,593,12.9,-0.9
12/24/17,Sunday,Weekend,2017,386,21.9,18
12/17/17,Sunday,Weekend,2017,"2,653",42.1,32
12/10/17,Sunday,Weekend,2017,"1,982",34,19.9
12/3/17,Sunday,Weekend,2017,"4,913",57.9,30
11/26/17,Sunday,Weekend,2017,"2,814",48.9,28
11/19/17,Sunday,Weekend,2017,"2,865",36,30
11/12/17,Sunday,Weekend,2017,"1,993",39.9,36
11/5/17,Sunday,Weekend,2017,"3,813",52,46
10/29/17,Sunday,Weekend,2017,"4,468",46,34
10/22/17,Sunday,Weekend,2017,"4,242",69.1,52
10/15/17,Sunday,Weekend,2017,"5,201",68,48
10/8/17,Sunday,Weekend,2017,"9,227",78.1,54
10/1/17,Sunday,Weekend,2017,"7,838",72,48.9
9/24/17,Sunday,Weekend,2017,"8,973",91.9,71.1
9/17/17,Sunday,Weekend,2017,"8,928",84.9,64
9/10/17,Sunday,Weekend,2017,"8,782",70,51.1
9/3/17,Sunday,Weekend,2017,"8,016",82.9,57.9
8/27/17,Sunday,Weekend,2017,"8,178",75.9,63
8/20/17,Sunday,Weekend,2017,"9,045",88,64
8/13/17,Sunday,Weekend,2017,"9,494",79,57.9
8/6/17,Sunday,Weekend,2017,"8,664",77,64
7/30/17,Sunday,Weekend,2017,"9,848",82.9,64
7/23/17,Sunday,Weekend,2017,"9,310",89.1,70
7/16/17,Sunday,Weekend,2017,"9,284",75.9,62.1
7/9/17,Sunday,Weekend,2017,"10,344",84.9,63
7/2/17,Sunday,Weekend,2017,"8,129",88,62.1
6/25/17,Sunday,Weekend,2017,"9,164",70,54
6/18/17,Sunday,Weekend,2017,"8,576",78.1,71.1
6/11/17,Sunday,Weekend,2017,"9,279",91.9,73
6/4/17,Sunday,Weekend,2017,"9,236",91,69.1
5/28/17,Sunday,Weekend,2017,"6,002",77,57
5/21/17,Sunday,Weekend,2017,"6,264",64.9,51.1
5/14/17,Sunday,Weekend,2017,"5,990",70,52
5/7/17,Sunday,Weekend,2017,"4,762",57,37
4/30/17,Sunday,Weekend,2017,"1,527",46.9,42.1
4/23/17,Sunday,Weekend,2017,"7,123",72,39
4/16/17,Sunday,Weekend,2017,"4,900",73,55.9
4/9/17,Sunday,Weekend,2017,"6,722",75.9,57
4/2/17,Sunday,Weekend,2017,"4,023",60.1,44.1
3/26/17,Sunday,Weekend,2017,"2,706",62.1,46
3/19/17,Sunday,Weekend,2017,"3,214",53.1,30.9
3/12/17,Sunday,Weekend,2017,"1,977",34,19.9
3/5/17,Sunday,Weekend,2017,"3,477",59,33.1
2/26/17,Sunday,Weekend,2017,"2,702",48.9,24.1
2/19/17,Sunday,Weekend,2017,"5,493",68,37
2/12/17,Sunday,Weekend,2017,"2,640",46.9,30.9
2/5/17,Sunday,Weekend,2017,"2,451",37.9,25
1/29/17,Sunday,Weekend,2017,"1,513",28,21
1/22/17,Sunday,Weekend,2017,"2,549",45,39.9
1/15/17,Sunday,Weekend,2017,"1,978",36,19.9
1/8/17,Sunday,Weekend,2017,"1,129",18,1.9
1/1/17,Sunday,Weekend,2017,"1,365",39,18
12/29/17,Friday,Weekday,2017,"1,049",15.8,9
12/22/17,Friday,Weekday,2017,"4,356",39,33.8
12/15/17,Friday,Weekday,2017,"4,751",37,21.9
12/8/17,Friday,Weekday,2017,"5,070",36,18
12/1/17,Friday,Weekday,2017,"8,287",52,30
11/24/17,Friday,Weekday,2017,"3,046",63,33.1
11/17/17,Friday,Weekday,2017,"5,650",48,35.1
11/10/17,Friday,Weekday,2017,"4,233",28.9,18
11/3/17,Friday,Weekday,2017,"8,518",46.9,37.9
10/27/17,Friday,Weekday,2017,"8,131",53.1,37.9
10/20/17,Friday,Weekday,2017,"13,069",78.1,51.1
10/13/17,Friday,Weekday,2017,"12,923",72,55
10/6/17,Friday,Weekday,2017,"9,595",69.8,60.1
9/29/17,Friday,Weekday,2017,"13,551",68,57
9/22/17,Friday,Weekday,2017,"13,857",93.9,73
9/15/17,Friday,Weekday,2017,"14,175",87.1,62.1
9/8/17,Friday,Weekday,2017,"12,955",68,57.9
9/1/17,Friday,Weekday,2017,"12,542",68,57.9
8/25/17,Friday,Weekday,2017,"14,314",73.9,53.1
8/18/17,Friday,Weekday,2017,"14,399",82,66.9
8/11/17,Friday,Weekday,2017,"14,097",77,66
8/4/17,Friday,Weekday,2017,"12,450",66.9,55.9
7/28/17,Friday,Weekday,2017,"14,496",79,68
7/21/17,Friday,Weekday,2017,"11,278",87.1,73.9
7/14/17,Friday,Weekday,2017,"14,192",73,64
7/7/17,Friday,Weekday,2017,"13,244",86,64
6/30/17,Friday,Weekday,2017,"13,126",82.9,64.9
6/23/17,Friday,Weekday,2017,"12,320",82,68
6/16/17,Friday,Weekday,2017,"12,370",84.9,66.9
6/9/17,Friday,Weekday,2017,"13,500",86,66
6/2/17,Friday,Weekday,2017,"13,701",84.9,55
5/26/17,Friday,Weekday,2017,"7,133",69.1,53.1
5/19/17,Friday,Weekday,2017,"5,450",50,43
5/12/17,Friday,Weekday,2017,"10,662",72,46.9
5/5/17,Friday,Weekday,2017,"7,708",60.1,42.1
4/28/17,Friday,Weekday,2017,"8,169",57.9,41
4/21/17,Friday,Weekday,2017,"8,031",53.1,44.1
4/14/17,Friday,Weekday,2017,"7,341",66,46.9
4/7/17,Friday,Weekday,2017,"6,916",54,37
3/31/17,Friday,Weekday,2017,"4,817",43,37
3/24/17,Friday,Weekday,2017,"7,795",81,43
3/17/17,Friday,Weekday,2017,"4,632",48.9,36
3/10/17,Friday,Weekday,2017,"4,904",36,23
3/3/17,Friday,Weekday,2017,"4,878",33.1,21
2/24/17,Friday,Weekday,2017,"4,841",39.9,33.1
2/17/17,Friday,Weekday,2017,"7,597",66.9,28.9
2/10/17,Friday,Weekday,2017,"4,577",41,18
2/3/17,Friday,Weekday,2017,"3,909",28,14
1/27/17,Friday,Weekday,2017,"4,261",30.9,24.1
1/20/17,Friday,Weekday,2017,"4,385",42.1,37.4
1/13/17,Friday,Weekday,2017,"3,547",27,16
1/6/17,Friday,Weekday,2017,"2,451",8.1,0
12/28/17,Thursday,Weekday,2017,"1,267",14,1
12/21/17,Thursday,Weekday,2017,"5,404",39.9,34
12/14/17,Thursday,Weekday,2017,"4,950",27,17.1
12/7/17,Thursday,Weekday,2017,"5,210",28,19
11/30/17,Thursday,Weekday,2017,"8,661",54,39.9
11/23/17,Thursday,Weekday,2017,"1,279",46,33.1
11/16/17,Thursday,Weekday,2017,"7,622",37.9,33.1
11/9/17,Thursday,Weekday,2017,"7,856",45,21
11/2/17,Thursday,Weekday,2017,"7,406",51.1,43
10/26/17,Thursday,Weekday,2017,"10,943",60.1,37
10/19/17,Thursday,Weekday,2017,"13,292",69.1,52
10/12/17,Thursday,Weekday,2017,"12,155",60.1,55.9
10/5/17,Thursday,Weekday,2017,"14,201",75.9,55
9/28/17,Thursday,Weekday,2017,"14,575",73,53.1
9/21/17,Thursday,Weekday,2017,"13,914",93.9,73
9/14/17,Thursday,Weekday,2017,"14,585",80.1,61
9/7/17,Thursday,Weekday,2017,"13,861",71.1,52
8/31/17,Thursday,Weekday,2017,"14,490",72,64
8/24/17,Thursday,Weekday,2017,"13,914",73.9,57.9
8/17/17,Thursday,Weekday,2017,"12,902",82,73
8/10/17,Thursday,Weekday,2017,"14,280",82.9,62.1
8/3/17,Thursday,Weekday,2017,"13,677",82.9,68
7/27/17,Thursday,Weekday,2017,"14,929",81,70
7/20/17,Thursday,Weekday,2017,"10,282",87.1,69.1
7/13/17,Thursday,Weekday,2017,"14,627",82.9,73
7/6/17,Thursday,Weekday,2017,"14,833",91.9,71.1
6/29/17,Thursday,Weekday,2017,"12,655",80.1,66
6/22/17,Thursday,Weekday,2017,"13,968",88,69.1
6/15/17,Thursday,Weekday,2017,"14,210",90,69.1
6/8/17,Thursday,Weekday,2017,"13,745",82,54
6/1/17,Thursday,Weekday,2017,"13,440",79,51.1
5/25/17,Thursday,Weekday,2017,"10,547",68,53.1
5/18/17,Thursday,Weekday,2017,"11,856",77,48.9
5/11/17,Thursday,Weekday,2017,"10,249",64.9,50
5/4/17,Thursday,Weekday,2017,"8,134",53.1,44.1
4/27/17,Thursday,Weekday,2017,"6,717",62.1,42.1
4/20/17,Thursday,Weekday,2017,"9,728",71.1,48
4/13/17,Thursday,Weekday,2017,"5,698",59,44.1
4/6/17,Thursday,Weekday,2017,"6,053",50,37.9
3/30/17,Thursday,Weekday,2017,"3,100",44.1,39
3/23/17,Thursday,Weekday,2017,"5,824",50,28.9
3/16/17,Thursday,Weekday,2017,"4,737",42.1,19
3/9/17,Thursday,Weekday,2017,"5,866",41,28.9
3/2/17,Thursday,Weekday,2017,"5,085",34,27
2/23/17,Thursday,Weekday,2017,"5,577",57,37.9
2/16/17,Thursday,Weekday,2017,"5,403",41,30
2/9/17,Thursday,Weekday,2017,"4,021",24.1,12.9
2/2/17,Thursday,Weekday,2017,"4,139",23,14
1/26/17,Thursday,Weekday,2017,"4,597",34,30.9
1/19/17,Thursday,Weekday,2017,"4,283",42.1,30.9
1/12/17,Thursday,Weekday,2017,"3,003",27,19.9
1/5/17,Thursday,Weekday,2017,"2,833",12.9,3
12/27/17,Wednesday,Weekday,2017,"1,117",6.1,-2.9
12/20/17,Wednesday,Weekday,2017,"3,926",35.1,28.9
12/13/17,Wednesday,Weekday,2017,"5,144",37.9,21.9
12/6/17,Wednesday,Weekday,2017,"6,142",35.1,27
11/29/17,Wednesday,Weekday,2017,"8,342",46.9,34
11/22/17,Wednesday,Weekday,2017,"4,835",34,23
11/15/17,Wednesday,Weekday,2017,"5,839",52,35.1
11/8/17,Wednesday,Weekday,2017,"8,836",46,28.9
11/1/17,Wednesday,Weekday,2017,"6,029",44.1,36
10/25/17,Wednesday,Weekday,2017,"10,581",53.1,37.9
10/18/17,Wednesday,Weekday,2017,"13,207",70,48
10/11/17,Wednesday,Weekday,2017,"7,402",61,57
10/4/17,Wednesday,Weekday,2017,"13,456",73.9,62.1
9/27/17,Wednesday,Weekday,2017,"14,362",71.1,57.9
9/20/17,Wednesday,Weekday,2017,"14,686",91.9,63
9/13/17,Wednesday,Weekday,2017,"12,704",75,60.1
9/6/17,Wednesday,Weekday,2017,"13,154",66.9,50
8/30/17,Wednesday,Weekday,2017,"15,527",82,60.1
8/23/17,Wednesday,Weekday,2017,"15,590",78.1,60.1
8/16/17,Wednesday,Weekday,2017,"12,690",87.1,66.9
8/9/17,Wednesday,Weekday,2017,"15,551",82,63
8/2/17,Wednesday,Weekday,2017,"15,223",86,66.9
7/26/17,Wednesday,Weekday,2017,"15,011",84.9,66
7/19/17,Wednesday,Weekday,2017,"14,795",88,70
7/12/17,Wednesday,Weekday,2017,"11,464",80.1,68
7/5/17,Wednesday,Weekday,2017,"14,154",86,64.9
6/28/17,Wednesday,Weekday,2017,"12,231",80.1,57.9
6/21/17,Wednesday,Weekday,2017,"15,240",79,57
6/14/17,Wednesday,Weekday,2017,"9,773",91.9,70
6/7/17,Wednesday,Weekday,2017,"14,028",75,55.9
5/31/17,Wednesday,Weekday,2017,"13,237",73.9,53.1
5/24/17,Wednesday,Weekday,2017,"8,537",61,53.1
5/17/17,Wednesday,Weekday,2017,"12,155",84,71.1
5/10/17,Wednesday,Weekday,2017,"7,195",66.9,48.9
5/3/17,Wednesday,Weekday,2017,"9,194",55.9,36
4/26/17,Wednesday,Weekday,2017,"10,488",73.9,60.1
4/19/17,Wednesday,Weekday,2017,"8,060",70,46
4/12/17,Wednesday,Weekday,2017,"8,242",57.9,39
4/5/17,Wednesday,Weekday,2017,"1,744",46.9,39.9
3/29/17,Wednesday,Weekday,2017,"5,538",46.9,35.1
3/22/17,Wednesday,Weekday,2017,"5,321",37,28.9
3/15/17,Wednesday,Weekday,2017,"3,510",32,17.1
3/8/17,Wednesday,Weekday,2017,"6,171",53.1,39.9
3/1/17,Wednesday,Weekday,2017,"4,328",54,33.1
2/22/17,Wednesday,Weekday,2017,"8,942",66.9,51.1
2/15/17,Wednesday,Weekday,2017,"5,344",34,27
2/8/17,Wednesday,Weekday,2017,"4,878",30.9,19
2/1/17,Wednesday,Weekday,2017,"5,229",37,21
1/25/17,Wednesday,Weekday,2017,"4,973",41,34
1/18/17,Wednesday,Weekday,2017,"5,193",36,30.9
1/11/17,Wednesday,Weekday,2017,"3,731",42.1,25
1/4/17,Wednesday,Weekday,2017,"3,187",18,7
12/26/17,Tuesday,Weekday,2017,737,3.9,-2.9
12/19/17,Tuesday,Weekday,2017,"6,914",50,35.1
12/12/17,Tuesday,Weekday,2017,"4,446",28,17.1
12/5/17,Tuesday,Weekday,2017,"5,722",44.1,27
11/28/17,Tuesday,Weekday,2017,"9,380",61,44.1
11/21/17,Tuesday,Weekday,2017,"6,464",44.1,27
11/14/17,Tuesday,Weekday,2017,"8,720",48.9,30
11/7/17,Tuesday,Weekday,2017,"8,736",45,33.1
10/31/17,Tuesday,Weekday,2017,"8,170",39.9,35.1
10/24/17,Tuesday,Weekday,2017,"3,633",51.1,42.1
10/17/17,Tuesday,Weekday,2017,"13,465",70,48.9
10/10/17,Tuesday,Weekday,2017,"9,256",62.6,57.9
10/3/17,Tuesday,Weekday,2017,"13,288",78.1,68
9/26/17,Tuesday,Weekday,2017,"15,071",91,71.1
9/19/17,Tuesday,Weekday,2017,"13,407",78.1,66
9/12/17,Tuesday,Weekday,2017,"15,145",75.9,55.9
9/5/17,Tuesday,Weekday,2017,"13,331",69.1,55
8/29/17,Tuesday,Weekday,2017,"14,165",73.9,62.1
8/22/17,Tuesday,Weekday,2017,"14,673",81,66
8/15/17,Tuesday,Weekday,2017,"16,095",82,68
8/8/17,Tuesday,Weekday,2017,"15,702",82.9,59
8/1/17,Tuesday,Weekday,2017,"15,070",84.2,69.1
7/25/17,Tuesday,Weekday,2017,"15,737",81,61
7/18/17,Tuesday,Weekday,2017,"15,675",88,62.1
7/11/17,Tuesday,Weekday,2017,"14,433",84.9,70
7/4/17,Tuesday,Weekday,2017,"9,168",82,64
6/27/17,Tuesday,Weekday,2017,"15,259",77,52
6/20/17,Tuesday,Weekday,2017,"14,417",79,57.9
6/13/17,Tuesday,Weekday,2017,"13,808",88,70
6/6/17,Tuesday,Weekday,2017,"13,888",75,54
5/30/17,Tuesday,Weekday,2017,"12,011",73,54
5/23/17,Tuesday,Weekday,2017,"6,512",62.1,55.9
5/16/17,Tuesday,Weekday,2017,"12,974",87.1,63
5/9/17,Tuesday,Weekday,2017,"7,607",60.1,43
5/2/17,Tuesday,Weekday,2017,"6,780",50,41
4/25/17,Tuesday,Weekday,2017,"11,946",78.1,52
4/18/17,Tuesday,Weekday,2017,"10,929",75.9,42.1
4/11/17,Tuesday,Weekday,2017,"7,643",53.1,42.1
4/4/17,Tuesday,Weekday,2017,"7,007",55,45
3/28/17,Tuesday,Weekday,2017,"6,273",50,37
3/21/17,Tuesday,Weekday,2017,"6,417",53.1,34
3/14/17,Tuesday,Weekday,2017,"1,712",28,19.9
3/7/17,Tuesday,Weekday,2017,"7,209",64.9,44.1
2/28/17,Tuesday,Weekday,2017,"5,547",60.1,46.9
2/21/17,Tuesday,Weekday,2017,"7,558",64.9,50
2/14/17,Tuesday,Weekday,2017,"6,326",50,30.9
2/7/17,Tuesday,Weekday,2017,"4,593",50,32
1/31/17,Tuesday,Weekday,2017,"4,953",39,35.1
1/24/17,Tuesday,Weekday,2017,"5,581",37.9,34
1/17/17,Tuesday,Weekday,2017,"4,568",37.9,35.1
1/10/17,Tuesday,Weekday,2017,"3,236",50,25
1/3/17,Tuesday,Weekday,2017,"4,431",39,19
12/25/17,Monday,Weekday,2017,226,19,3.9
12/18/17,Monday,Weekday,2017,"5,864",45,39.9
12/11/17,Monday,Weekday,2017,"5,216",37.9,24.1
12/4/17,Monday,Weekday,2017,"8,646",64.9,44.1
11/27/17,Monday,Weekday,2017,"8,548",55.9,30.9
11/20/17,Monday,Weekday,2017,"7,215",52,30.9
11/13/17,Monday,Weekday,2017,"7,944",39.9,32
11/6/17,Monday,Weekday,2017,"8,347",42.1,32
10/30/17,Monday,Weekday,2017,"8,792",48.9,37.9
10/23/17,Monday,Weekday,2017,"6,066",54,51.1
10/16/17,Monday,Weekday,2017,"12,087",62.1,44.1
10/9/17,Monday,Weekday,2017,"13,346",79,53.1
10/2/17,Monday,Weekday,2017,"13,808",82,59
9/25/17,Monday,Weekday,2017,"14,366",91.9,68
9/18/17,Monday,Weekday,2017,"14,203",75.9,57.9
9/11/17,Monday,Weekday,2017,"14,028",75,53.1
9/4/17,Monday,Weekday,2017,"7,263",81,64
8/28/17,Monday,Weekday,2017,"13,193",79,64.9
8/21/17,Monday,Weekday,2017,"14,031",84.9,71.1
8/14/17,Monday,Weekday,2017,"14,641",82,62.1
8/7/17,Monday,Weekday,2017,"14,324",75,62.1
7/31/17,Monday,Weekday,2017,"14,814",84.9,66
7/24/17,Monday,Weekday,2017,"14,538",73,66
7/17/17,Monday,Weekday,2017,"14,824",78.1,55.9
7/10/17,Monday,Weekday,2017,"10,303",82,66
7/3/17,Monday,Weekday,2017,"10,294",79,66.9
6/26/17,Monday,Weekday,2017,"13,702",73,54
6/19/17,Monday,Weekday,2017,"12,782",79,63
6/12/17,Monday,Weekday,2017,"12,794",95,75.9
6/5/17,Monday,Weekday,2017,"12,699",73,60.1
5/29/17,Monday,Weekday,2017,"8,091",75.9,59
5/22/17,Monday,Weekday,2017,"11,313",72,48
5/15/17,Monday,Weekday,2017,"11,627",81,50
5/8/17,Monday,Weekday,2017,"8,579",57,36
5/1/17,Monday,Weekday,2017,"6,092",55,45
4/24/17,Monday,Weekday,2017,"10,120",73,39.9
4/17/17,Monday,Weekday,2017,"9,208",69.1,44.1
4/10/17,Monday,Weekday,2017,"5,678",77,42.1
4/3/17,Monday,Weekday,2017,"4,654",54,46
3/27/17,Monday,Weekday,2017,"5,456",52,42.1
3/20/17,Monday,Weekday,2017,"5,853",54,42.1
3/13/17,Monday,Weekday,2017,"2,491",30.9,28
3/6/17,Monday,Weekday,2017,"6,664",64.9,52
2/27/17,Monday,Weekday,2017,"6,785",54,27
2/20/17,Monday,Weekday,2017,"7,201",69.1,41
2/13/17,Monday,Weekday,2017,"5,814",43,25
2/6/17,Monday,Weekday,2017,"5,786",55,23
1/30/17,Monday,Weekday,2017,"4,347",37,15.1
1/23/17,Monday,Weekday,2017,"5,510",41,36
1/16/17,Monday,Weekday,2017,"1,360",37,30.9
1/9/17,Monday,Weekday,2017,"3,714",32,19
1/2/17,Monday,Weekday,2017,"1,772",39.9,28
12/31/16,Saturday,Weekend,2016,"1,669",39.9,24.1
12/24/16,Saturday,Weekend,2016,933,37,34
12/17/16,Saturday,Weekend,2016,920,21.9,19
12/10/16,Saturday,Weekend,2016,"1,659",23,18
12/3/16,Saturday,Weekend,2016,"3,155",33.1,30
11/26/16,Saturday,Weekend,2016,"2,522",46,32
11/19/16,Saturday,Weekend,2016,"2,840",37.9,28
11/12/16,Saturday,Weekend,2016,"4,924",51.1,32
11/5/16,Saturday,Weekend,2016,"7,140",66.9,44.1
10/29/16,Saturday,Weekend,2016,"7,379",70,55.9
10/22/16,Saturday,Weekend,2016,"6,282",59,37.9
10/15/16,Saturday,Weekend,2016,"7,238",70,53.1
10/8/16,Saturday,Weekend,2016,"7,318",64.9,41
10/1/16,Saturday,Weekend,2016,"4,421",63,57.2
9/24/16,Saturday,Weekend,2016,"8,464",73,66
9/17/16,Saturday,Weekend,2016,"8,618",81,64
9/10/16,Saturday,Weekend,2016,"7,573",73,60.1
9/3/16,Saturday,Weekend,2016,"7,442",75.9,57.9
8/27/16,Saturday,Weekend,2016,"7,074",82.9,68
8/20/16,Saturday,Weekend,2016,"6,695",79,64
8/13/16,Saturday,Weekend,2016,"8,643",82.9,73
8/6/16,Saturday,Weekend,2016,"9,583",82.9,66.9
7/30/16,Saturday,Weekend,2016,"8,990",77,69.8
7/23/16,Saturday,Weekend,2016,"6,748",90,71.1
7/16/16,Saturday,Weekend,2016,"10,586",77,57.9
7/9/16,Saturday,Weekend,2016,"10,729",78.1,66
7/2/16,Saturday,Weekend,2016,"7,837",75.9,55.9
6/25/16,Saturday,Weekend,2016,"9,960",88,64.9
6/18/16,Saturday,Weekend,2016,"10,133",87.1,61
6/11/16,Saturday,Weekend,2016,"8,817",91,71.1
6/4/16,Saturday,Weekend,2016,"7,204",71.1,63
5/28/16,Saturday,Weekend,2016,"7,039",81,64.9
5/21/16,Saturday,Weekend,2016,"8,146",73.9,53.1
5/14/16,Saturday,Weekend,2016,"3,970",46,42.1
5/7/16,Saturday,Weekend,2016,"4,951",69.1,46.9
4/30/16,Saturday,Weekend,2016,"1,436",48,43
4/23/16,Saturday,Weekend,2016,"5,512",60.1,37.9
4/16/16,Saturday,Weekend,2016,"6,764",75.9,42.1
4/9/16,Saturday,Weekend,2016,"2,459",37,23
4/2/16,Saturday,Weekend,2016,"2,127",39,28
3/26/16,Saturday,Weekend,2016,"3,844",53.1,30.9
3/19/16,Saturday,Weekend,2016,"3,392",45,35.1
3/12/16,Saturday,Weekend,2016,"4,045",59,34
3/5/16,Saturday,Weekend,2016,"2,391",37.9,28.9
2/27/16,Saturday,Weekend,2016,"4,152",54,28
2/20/16,Saturday,Weekend,2016,"5,010",55.9,39.9
2/13/16,Saturday,Weekend,2016,"1,133",17.1,1.9
2/6/16,Saturday,Weekend,2016,"2,702",41,25
1/30/16,Saturday,Weekend,2016,"3,222",46,35.1
1/23/16,Saturday,Weekend,2016,"2,064",32,23
1/16/16,Saturday,Weekend,2016,"1,997",30,9
1/9/16,Saturday,Weekend,2016,"1,632",39.9,23
1/2/16,Saturday,Weekend,2016,"1,282",32,19.9
12/25/16,Sunday,Weekend,2016,336,37,32
12/18/16,Sunday,Weekend,2016,489,18,-7.1
12/11/16,Sunday,Weekend,2016,654,33.1,23
12/4/16,Sunday,Weekend,2016,"1,202",33.1,26.6
11/27/16,Sunday,Weekend,2016,"2,608",43,32
11/20/16,Sunday,Weekend,2016,"2,518",34,23
11/13/16,Sunday,Weekend,2016,"4,488",55.9,35.1
11/6/16,Sunday,Weekend,2016,"6,987",69.1,43
10/30/16,Sunday,Weekend,2016,"5,158",55.9,44.1
10/23/16,Sunday,Weekend,2016,"6,244",72,41
10/16/16,Sunday,Weekend,2016,"6,124",71.1,64.9
10/9/16,Sunday,Weekend,2016,"6,982",62.1,50
10/2/16,Sunday,Weekend,2016,"5,751",64,57
9/25/16,Sunday,Weekend,2016,"8,184",84.9,63
9/18/16,Sunday,Weekend,2016,"8,702",79,59
9/11/16,Sunday,Weekend,2016,"8,620",75,53.1
9/4/16,Sunday,Weekend,2016,"6,996",80.1,59
8/28/16,Sunday,Weekend,2016,"8,542",82,71.1
8/21/16,Sunday,Weekend,2016,"8,832",75,57.9
8/14/16,Sunday,Weekend,2016,"8,467",86,66
8/7/16,Sunday,Weekend,2016,"8,416",87.8,62.1
7/31/16,Sunday,Weekend,2016,"9,517",81,64.9
7/24/16,Sunday,Weekend,2016,"6,331",91.9,71.1
7/17/16,Sunday,Weekend,2016,"7,815",82.9,63
7/10/16,Sunday,Weekend,2016,"9,494",82,61
7/3/16,Sunday,Weekend,2016,"6,944",77,55.9
6/26/16,Sunday,Weekend,2016,"7,776",88,73.9
6/19/16,Sunday,Weekend,2016,"8,226",88,64.9
6/12/16,Sunday,Weekend,2016,"8,231",79,59
6/5/16,Sunday,Weekend,2016,"9,337",79,61
5/29/16,Sunday,Weekend,2016,"7,350",78.1,63
5/22/16,Sunday,Weekend,2016,"8,547",77,54
5/15/16,Sunday,Weekend,2016,"4,903",55,36
5/8/16,Sunday,Weekend,2016,"6,055",69.1,41
5/1/16,Sunday,Weekend,2016,"2,826",48,42.1
4/24/16,Sunday,Weekend,2016,"7,214",77,41
4/17/16,Sunday,Weekend,2016,"7,128",78.1,46
4/10/16,Sunday,Weekend,2016,"1,755",50,33.1
4/3/16,Sunday,Weekend,2016,"4,047",71.1,27
3/27/16,Sunday,Weekend,2016,"2,864",62.1,37
3/20/16,Sunday,Weekend,2016,"3,070",44.1,30
3/13/16,Sunday,Weekend,2016,849,46.9,43
3/6/16,Sunday,Weekend,2016,"3,179",51.1,34
2/28/16,Sunday,Weekend,2016,"3,793",61,36
2/21/16,Sunday,Weekend,2016,"2,337",39.9,32
2/14/16,Sunday,Weekend,2016,550,18,10
2/7/16,Sunday,Weekend,2016,"2,574",42.1,32
1/31/16,Sunday,Weekend,2016,"1,883",48,33.1
1/24/16,Sunday,Weekend,2016,"1,771",33.8,24.1
1/17/16,Sunday,Weekend,2016,687,7,-0.9
1/10/16,Sunday,Weekend,2016,940,21.9,1.9
1/3/16,Sunday,Weekend,2016,"1,269",28.9,23
12/30/16,Friday,Weekday,2016,"2,651",37.9,24.1
12/23/16,Friday,Weekday,2016,"2,160",35.1,27
12/16/16,Friday,Weekday,2016,"2,397",19.9,8.1
12/9/16,Friday,Weekday,2016,"4,375",25,18
12/2/16,Friday,Weekday,2016,"6,401",39.9,34
11/25/16,Friday,Weekday,2016,"2,249",41,32
11/18/16,Friday,Weekday,2016,"7,002",64.9,39
11/11/16,Friday,Weekday,2016,"7,317",50,37.9
11/4/16,Friday,Weekday,2016,"10,753",63,43
10/28/16,Friday,Weekday,2016,"10,265",64,39
10/21/16,Friday,Weekday,2016,"8,451",52,41
10/14/16,Friday,Weekday,2016,"10,712",66,39
10/7/16,Friday,Weekday,2016,"11,827",69.1,46.9
9/30/16,Friday,Weekday,2016,"8,810",64,60.1
9/23/16,Friday,Weekday,2016,"12,110",73,68
9/16/16,Friday,Weekday,2016,"12,284",82,66
9/9/16,Friday,Weekday,2016,"11,192",80.1,64
9/2/16,Friday,Weekday,2016,"12,093",73.9,62.1
8/26/16,Friday,Weekday,2016,"12,761",80.1,66
8/19/16,Friday,Weekday,2016,"11,499",82.9,68
8/12/16,Friday,Weekday,2016,"7,699",84,73.9
8/5/16,Friday,Weekday,2016,"12,131",86,73
7/29/16,Friday,Weekday,2016,"11,038",79,70
7/22/16,Friday,Weekday,2016,"11,809",90,72
7/15/16,Friday,Weekday,2016,"12,015",73.9,61
7/8/16,Friday,Weekday,2016,"12,888",84.9,69.1
7/1/16,Friday,Weekday,2016,"12,171",71.1,59
6/24/16,Friday,Weekday,2016,"12,974",81,62.1
6/17/16,Friday,Weekday,2016,"13,333",84.9,61
6/10/16,Friday,Weekday,2016,"12,484",90,63
6/3/16,Friday,Weekday,2016,"12,888",82.9,55.9
5/27/16,Friday,Weekday,2016,"9,298",81,66
5/20/16,Friday,Weekday,2016,"9,781",68,45
5/13/16,Friday,Weekday,2016,"8,510",66,48
5/6/16,Friday,Weekday,2016,"10,545",82,44.1
4/29/16,Friday,Weekday,2016,"6,806",50,42.1
4/22/16,Friday,Weekday,2016,"6,081",54,42.1
4/15/16,Friday,Weekday,2016,"8,385",66.9,44.1
4/8/16,Friday,Weekday,2016,"4,326",39.9,28.9
4/1/16,Friday,Weekday,2016,"5,154",48,37
3/25/16,Friday,Weekday,2016,"4,891",46.9,28.4
3/18/16,Friday,Weekday,2016,"5,945",46,33.1
3/11/16,Friday,Weekday,2016,"6,671",54,35.1
3/4/16,Friday,Weekday,2016,"4,255",39,19.9
2/26/16,Friday,Weekday,2016,"3,980",33.1,26.1
2/19/16,Friday,Weekday,2016,"5,251",62.1,43
2/12/16,Friday,Weekday,2016,"3,074",21.9,7
2/5/16,Friday,Weekday,2016,"4,245",33.1,25
1/29/16,Friday,Weekday,2016,"4,441",35.1,19.9
1/22/16,Friday,Weekday,2016,"3,422",30.2,19
1/15/16,Friday,Weekday,2016,"4,061",42.1,30.2
1/8/16,Friday,Weekday,2016,"3,306",41,36
1/1/16,Friday,Weekday,2016,830,30,19
12/29/16,Thursday,Weekday,2016,"2,858",34,30
12/22/16,Thursday,Weekday,2016,"3,614",37,26.1
12/15/16,Thursday,Weekday,2016,"2,089",9,-2
12/8/16,Thursday,Weekday,2016,"4,237",24.8,17.1
12/1/16,Thursday,Weekday,2016,"6,530",41,36
11/24/16,Thursday,Weekday,2016,"1,204",42.1,35.1
11/17/16,Thursday,Weekday,2016,"10,041",71.1,45
11/10/16,Thursday,Weekday,2016,"9,404",63,41
11/3/16,Thursday,Weekday,2016,"10,358",66.9,48
10/27/16,Thursday,Weekday,2016,"9,016",50,44.1
10/20/16,Thursday,Weekday,2016,"9,952",55.9,46
10/13/16,Thursday,Weekday,2016,"10,463",55.9,37.9
10/6/16,Thursday,Weekday,2016,"5,973",72,60.1
9/29/16,Thursday,Weekday,2016,"9,691",64,59
9/22/16,Thursday,Weekday,2016,"12,959",81,64.9
9/15/16,Thursday,Weekday,2016,"13,321",77,60.1
9/8/16,Thursday,Weekday,2016,"11,587",81,71.1
9/1/16,Thursday,Weekday,2016,"12,461",73,62.1
8/25/16,Thursday,Weekday,2016,"12,274",82.9,68
8/18/16,Thursday,Weekday,2016,"10,644",84.9,71.1
8/11/16,Thursday,Weekday,2016,"12,437",91.9,73.9
8/4/16,Thursday,Weekday,2016,"12,524",90,70
7/28/16,Thursday,Weekday,2016,"11,230",82.9,71.1
7/21/16,Thursday,Weekday,2016,"11,234",90,73
7/14/16,Thursday,Weekday,2016,"13,555",87.1,68
7/7/16,Thursday,Weekday,2016,"11,022",82.9,71.1
6/30/16,Thursday,Weekday,2016,"13,088",78.1,60.1
6/23/16,Thursday,Weekday,2016,"12,616",75,64.9
6/16/16,Thursday,Weekday,2016,"12,248",78.1,64
6/9/16,Thursday,Weekday,2016,"10,279",71.1,53.1
6/2/16,Thursday,Weekday,2016,"13,129",78.1,59
5/26/16,Thursday,Weekday,2016,"11,954",82,62.1
5/19/16,Thursday,Weekday,2016,"10,910",68,39.9
5/12/16,Thursday,Weekday,2016,"9,161",68,53.1
5/5/16,Thursday,Weekday,2016,"8,599",61,41
4/28/16,Thursday,Weekday,2016,"6,750",50,42.1
4/21/16,Thursday,Weekday,2016,"8,175",70,54
4/14/16,Thursday,Weekday,2016,"8,005",61,37
4/7/16,Thursday,Weekday,2016,"5,117",43,35.1
3/31/16,Thursday,Weekday,2016,"6,196",66,45
3/24/16,Thursday,Weekday,2016,"2,067",37.9,30
3/17/16,Thursday,Weekday,2016,"6,867",54,39.9
3/10/16,Thursday,Weekday,2016,"6,488",51.1,37
3/3/16,Thursday,Weekday,2016,"3,377",32,27
2/25/16,Thursday,Weekday,2016,"4,077",37,30.9
2/18/16,Thursday,Weekday,2016,"4,479",41,23
2/11/16,Thursday,Weekday,2016,"3,195",21,7
2/4/16,Thursday,Weekday,2016,"4,426",30.9,19.9
1/28/16,Thursday,Weekday,2016,"4,516",39,28.9
1/21/16,Thursday,Weekday,2016,"3,753",28,12
1/14/16,Thursday,Weekday,2016,"4,377",43,25
1/7/16,Thursday,Weekday,2016,"4,860",41,34
12/28/16,Wednesday,Weekday,2016,"3,167",44.1,21
12/21/16,Wednesday,Weekday,2016,"3,526",35.1,21
12/14/16,Wednesday,Weekday,2016,"2,649",19,3
12/7/16,Wednesday,Weekday,2016,"5,191",27,21.9
11/30/16,Wednesday,Weekday,2016,"6,783",42.1,34
11/23/16,Wednesday,Weekday,2016,"3,408",44.1,37
11/16/16,Wednesday,Weekday,2016,"9,312",60.1,39.9
11/9/16,Wednesday,Weekday,2016,"9,238",57,41
11/2/16,Wednesday,Weekday,2016,"7,700",64,55
10/26/16,Wednesday,Weekday,2016,"4,744",50,45
10/19/16,Wednesday,Weekday,2016,"11,398",71.1,51.1
10/12/16,Wednesday,Weekday,2016,"7,077",68,46.4
10/5/16,Wednesday,Weekday,2016,"12,782",80.1,62.1
9/28/16,Wednesday,Weekday,2016,"7,270",59,51.1
9/21/16,Wednesday,Weekday,2016,"9,791",73.4,66
9/14/16,Wednesday,Weekday,2016,"13,265",73,64
9/7/16,Wednesday,Weekday,2016,"11,717",89.1,75.9
8/31/16,Wednesday,Weekday,2016,"13,505",75.9,64
8/24/16,Wednesday,Weekday,2016,"10,738",82.9,70
8/17/16,Wednesday,Weekday,2016,"12,403",87.1,70
8/10/16,Wednesday,Weekday,2016,"13,077",88,70
8/3/16,Wednesday,Weekday,2016,"13,541",89.1,69.1
7/27/16,Wednesday,Weekday,2016,"13,727",88,69.1
7/20/16,Wednesday,Weekday,2016,"13,463",86,69.1
7/13/16,Wednesday,Weekday,2016,"10,736",84,69.1
7/6/16,Wednesday,Weekday,2016,"10,449",88,66.9
6/29/16,Wednesday,Weekday,2016,"13,997",80.1,55.9
6/22/16,Wednesday,Weekday,2016,"9,852",75.2,68
6/15/16,Wednesday,Weekday,2016,"13,149",90,68
6/8/16,Wednesday,Weekday,2016,"12,661",69.1,52
6/1/16,Wednesday,Weekday,2016,"9,200",79,64
5/25/16,Wednesday,Weekday,2016,"9,144",84.9,64
5/18/16,Wednesday,Weekday,2016,"9,957",64,43
5/11/16,Wednesday,Weekday,2016,"8,996",68,52
5/4/16,Wednesday,Weekday,2016,"7,388",57,42.1
4/27/16,Wednesday,Weekday,2016,"5,017",48.9,42.1
4/20/16,Wednesday,Weekday,2016,"8,001",71.1,51.1
4/13/16,Wednesday,Weekday,2016,"7,478",55,35.1
4/6/16,Wednesday,Weekday,2016,"3,612",48.9,41
3/30/16,Wednesday,Weekday,2016,"5,977",61,42.1
3/23/16,Wednesday,Weekday,2016,"4,595",42.1,37.4
3/16/16,Wednesday,Weekday,2016,"5,695",55.9,46
3/9/16,Wednesday,Weekday,2016,"7,432",62.1,48.9
3/2/16,Wednesday,Weekday,2016,"3,779",30.9,12
2/24/16,Wednesday,Weekday,2016,"2,875",36,32
2/17/16,Wednesday,Weekday,2016,"4,248",34,21
2/10/16,Wednesday,Weekday,2016,"3,013",17.1,9
2/3/16,Wednesday,Weekday,2016,"4,478",36,28
1/27/16,Wednesday,Weekday,2016,"4,384",34,23
1/20/16,Wednesday,Weekday,2016,"2,875",21.9,14
1/13/16,Wednesday,Weekday,2016,"2,402",24.1,0
1/6/16,Wednesday,Weekday,2016,"4,450",36,21
12/27/16,Tuesday,Weekday,2016,"2,521",28,19.9
12/20/16,Tuesday,Weekday,2016,"2,917",28,15.1
12/13/16,Tuesday,Weekday,2016,"3,025",21.2,3
12/6/16,Tuesday,Weekday,2016,"6,048",39,26.1
11/29/16,Tuesday,Weekday,2016,"8,137",57,44.1
11/22/16,Tuesday,Weekday,2016,"6,314",39.9,28
11/15/16,Tuesday,Weekday,2016,"9,035",54,37.9
11/8/16,Tuesday,Weekday,2016,"9,392",62.1,48.9
11/1/16,Tuesday,Weekday,2016,"11,814",75,60.1
10/25/16,Tuesday,Weekday,2016,"9,935",53.1,39
10/18/16,Tuesday,Weekday,2016,"12,420",75,55.9
10/11/16,Tuesday,Weekday,2016,"12,031",73,54
10/4/16,Tuesday,Weekday,2016,"12,425",75,60.1
9/27/16,Tuesday,Weekday,2016,"12,265",69.1,51.1
9/20/16,Tuesday,Weekday,2016,"13,317",82,66.9
9/13/16,Tuesday,Weekday,2016,"13,142",84,66
9/6/16,Tuesday,Weekday,2016,"12,035",91,75.9
8/30/16,Tuesday,Weekday,2016,"10,008",84,71.1
8/23/16,Tuesday,Weekday,2016,"13,565",80.1,60.1
8/16/16,Tuesday,Weekday,2016,"13,035",87.1,71.1
8/9/16,Tuesday,Weekday,2016,"13,579",88,68
8/2/16,Tuesday,Weekday,2016,"13,430",87.1,69.1
7/26/16,Tuesday,Weekday,2016,"13,848",87.1,70
7/19/16,Tuesday,Weekday,2016,"13,988",88,68
7/12/16,Tuesday,Weekday,2016,"13,352",88,73.9
7/5/16,Tuesday,Weekday,2016,"12,589",84.9,66.9
6/28/16,Tuesday,Weekday,2016,"13,370",70,61
6/21/16,Tuesday,Weekday,2016,"14,067",82.9,64
6/14/16,Tuesday,Weekday,2016,"12,739",86,64
6/7/16,Tuesday,Weekday,2016,"12,441",66,55
5/31/16,Tuesday,Weekday,2016,"8,171",82,64.9
5/24/16,Tuesday,Weekday,2016,"12,634",86,60.1
5/17/16,Tuesday,Weekday,2016,"7,940",57,45
5/10/16,Tuesday,Weekday,2016,"5,462",63,51.1
5/3/16,Tuesday,Weekday,2016,"9,775",64.9,41
4/26/16,Tuesday,Weekday,2016,"6,647",66.9,42.1
4/19/16,Tuesday,Weekday,2016,"7,747",55.9,46
4/12/16,Tuesday,Weekday,2016,"6,900",46,30.9
4/5/16,Tuesday,Weekday,2016,"5,723",44.1,24.1
3/29/16,Tuesday,Weekday,2016,"7,720",57.9,32
3/22/16,Tuesday,Weekday,2016,"7,592",63,39.9
3/15/16,Tuesday,Weekday,2016,"6,812",57.9,46
3/8/16,Tuesday,Weekday,2016,"8,428",69.1,59
3/1/16,Tuesday,Weekday,2016,"2,684",30,18
2/23/16,Tuesday,Weekday,2016,"5,195",45,27
2/16/16,Tuesday,Weekday,2016,"3,453",33.1,24.1
2/9/16,Tuesday,Weekday,2016,"2,997",19.9,14
2/2/16,Tuesday,Weekday,2016,"3,001",37,33.1
1/26/16,Tuesday,Weekday,2016,"4,156",36,25
1/19/16,Tuesday,Weekday,2016,"2,574",17.1,0
1/12/16,Tuesday,Weekday,2016,"1,908",19,3
1/5/16,Tuesday,Weekday,2016,"4,049",33.1,17.1
12/26/16,Monday,Weekday,2016,"1,437",54,28
12/19/16,Monday,Weekday,2016,"1,687",15.1,-11.9
12/12/16,Monday,Weekday,2016,"2,869",30,10
12/5/16,Monday,Weekday,2016,"4,997",34,30.9
11/28/16,Monday,Weekday,2016,"4,190",51.1,41
11/21/16,Monday,Weekday,2016,"6,394",41,23
11/14/16,Monday,Weekday,2016,"8,921",59,41
11/7/16,Monday,Weekday,2016,"10,507",64.9,42.1
10/31/16,Monday,Weekday,2016,"9,644",60.1,39
10/24/16,Monday,Weekday,2016,"10,028",57.9,42.1
10/17/16,Monday,Weekday,2016,"11,505",82,66.9
10/10/16,Monday,Weekday,2016,"10,508",69.1,45
10/3/16,Monday,Weekday,2016,"11,079",66.9,59
9/26/16,Monday,Weekday,2016,"11,929",69.1,57
9/19/16,Monday,Weekday,2016,"12,922",87.1,57
9/12/16,Monday,Weekday,2016,"12,896",78.1,55
9/5/16,Monday,Weekday,2016,"7,343",87.1,62.1
8/29/16,Monday,Weekday,2016,"11,641",86,70
8/22/16,Monday,Weekday,2016,"13,261",77,55.9
8/15/16,Monday,Weekday,2016,"9,040",78.1,66.9
8/8/16,Monday,Weekday,2016,"12,770",84,72
8/1/16,Monday,Weekday,2016,"13,240",82.9,66.9
7/25/16,Monday,Weekday,2016,"12,840",89.1,73
7/18/16,Monday,Weekday,2016,"13,241",88,71.1
7/11/16,Monday,Weekday,2016,"12,851",88,69.1
7/4/16,Monday,Weekday,2016,"7,468",78.1,66
6/27/16,Monday,Weekday,2016,"12,700",89.1,69.1
6/20/16,Monday,Weekday,2016,"12,149",91.9,72
6/13/16,Monday,Weekday,2016,"12,658",84.9,55
6/6/16,Monday,Weekday,2016,"12,767",81,59
5/30/16,Monday,Weekday,2016,"8,197",87.1,64
5/23/16,Monday,Weekday,2016,"11,622",81,48.9
5/16/16,Monday,Weekday,2016,"9,959",69.1,46
5/9/16,Monday,Weekday,2016,"6,173",57.9,50
5/2/16,Monday,Weekday,2016,"8,155",57,44.1
4/25/16,Monday,Weekday,2016,"10,032",81,57.9
4/18/16,Monday,Weekday,2016,"9,656",82,50
4/11/16,Monday,Weekday,2016,"7,297",50,37.9
4/4/16,Monday,Weekday,2016,"4,302",37,30
3/28/16,Monday,Weekday,2016,"6,368",53.1,36
3/21/16,Monday,Weekday,2016,"5,975",48,28.9
3/14/16,Monday,Weekday,2016,"6,284",54,44.1
3/7/16,Monday,Weekday,2016,"6,690",62.1,46
2/29/16,Monday,Weekday,2016,"4,675",51.1,28
2/22/16,Monday,Weekday,2016,"5,114",44.1,28
2/15/16,Monday,Weekday,2016,"2,025",27,18
2/8/16,Monday,Weekday,2016,"3,992",32,21.9
2/1/16,Monday,Weekday,2016,"5,124",45,30.9
1/25/16,Monday,Weekday,2016,"3,925",41,26.1
1/18/16,Monday,Weekday,2016,"1,191",7,-4
1/11/16,Monday,Weekday,2016,"2,132",24.1,-0.9
1/4/16,Monday,Weekday,2016,"3,560",30.9,24.1
12/26/15,Saturday,Weekend,2015,746,42.1,37.9
12/19/15,Saturday,Weekend,2015,"1,927",30,15.1
12/12/15,Saturday,Weekend,2015,"3,783",55.9,46.9
12/5/15,Saturday,Weekend,2015,"2,174",45,30
11/28/15,Saturday,Weekend,2015,"1,772",37.9,30
11/21/15,Saturday,Weekend,2015,750,33.1,19
11/14/15,Saturday,Weekend,2015,"4,311",55.9,26.1
11/7/15,Saturday,Weekend,2015,"4,805",52,36
10/31/15,Saturday,Weekend,2015,"1,858",52,44.6
10/24/15,Saturday,Weekend,2015,"4,296",66,52
10/17/15,Saturday,Weekend,2015,"5,083",53.1,34
10/10/15,Saturday,Weekend,2015,"6,808",64.9,43
10/3/15,Saturday,Weekend,2015,"4,261",53.1,48
9/26/15,Saturday,Weekend,2015,"8,313",73.9,60.1
9/19/15,Saturday,Weekend,2015,"8,040",70,55.9
9/12/15,Saturday,Weekend,2015,"5,935",64,51.1
9/5/15,Saturday,Weekend,2015,"6,667",86,70
8/29/15,Saturday,Weekend,2015,"4,719",70,63
8/22/15,Saturday,Weekend,2015,"9,256",80.1,60.1
8/15/15,Saturday,Weekend,2015,"8,316",91,68
8/8/15,Saturday,Weekend,2015,"8,889",81,69.1
8/1/15,Saturday,Weekend,2015,"8,987",86,64
7/25/15,Saturday,Weekend,2015,"8,831",91,72
7/18/15,Saturday,Weekend,2015,"7,590",87.8,73
7/11/15,Saturday,Weekend,2015,"7,470",77,62.1
7/4/15,Saturday,Weekend,2015,"6,085",81,60.1
6/27/15,Saturday,Weekend,2015,"8,647",75,57
6/20/15,Saturday,Weekend,2015,"6,596",78.8,53.1
6/13/15,Saturday,Weekend,2015,"7,173",84.9,55.9
6/6/15,Saturday,Weekend,2015,"7,482",70,52
5/30/15,Saturday,Weekend,2015,"1,713",71.1,45
5/23/15,Saturday,Weekend,2015,"6,026",80.1,48.9
5/16/15,Saturday,Weekend,2015,"5,993",79,62.1
5/9/15,Saturday,Weekend,2015,"3,407",64.9,46.9
5/2/15,Saturday,Weekend,2015,"5,698",75.9,51.1
4/25/15,Saturday,Weekend,2015,"1,684",46.9,41
4/18/15,Saturday,Weekend,2015,"4,095",64,46.9
4/11/15,Saturday,Weekend,2015,"4,110",61,37.9
4/4/15,Saturday,Weekend,2015,"2,420",57.9,28
3/28/15,Saturday,Weekend,2015,"1,499",36,19.9
3/21/15,Saturday,Weekend,2015,"2,370",46.9,33.1
3/14/15,Saturday,Weekend,2015,"3,175",59,39.9
3/7/15,Saturday,Weekend,2015,"1,780",43,25
2/28/15,Saturday,Weekend,2015,779,19.9,-8
2/21/15,Saturday,Weekend,2015,"1,040",30.9,17.6
2/14/15,Saturday,Weekend,2015,558,27,1
2/7/15,Saturday,Weekend,2015,"1,196",41,19.9
1/31/15,Saturday,Weekend,2015,"1,634",36,21
1/24/15,Saturday,Weekend,2015,"2,080",41,28.9
1/17/15,Saturday,Weekend,2015,"1,603",42.1,26.1
1/10/15,Saturday,Weekend,2015,547,24.1,-2
1/3/15,Saturday,Weekend,2015,622,34,28.9
12/27/15,Sunday,Weekend,2015,958,39.9,35.1
12/20/15,Sunday,Weekend,2015,"2,292",50,26.1
12/13/15,Sunday,Weekend,2015,"1,961",61,48
12/6/15,Sunday,Weekend,2015,"3,242",46,28
11/29/15,Sunday,Weekend,2015,"2,129",41,27
11/22/15,Sunday,Weekend,2015,"1,003",27,10.9
11/15/15,Sunday,Weekend,2015,"5,047",64,44.1
11/8/15,Sunday,Weekend,2015,"4,408",52,28.9
11/1/15,Sunday,Weekend,2015,"5,566",63,45
10/25/15,Sunday,Weekend,2015,"5,594",62.1,41
10/18/15,Sunday,Weekend,2015,"5,150",57.9,34
10/11/15,Sunday,Weekend,2015,"7,285",78.1,51.1
10/4/15,Sunday,Weekend,2015,"4,629",57,50
9/27/15,Sunday,Weekend,2015,"7,142",73.9,61
9/20/15,Sunday,Weekend,2015,"7,830",72,51.1
9/13/15,Sunday,Weekend,2015,"7,454",69.1,48.9
9/6/15,Sunday,Weekend,2015,"6,362",91.9,72
8/30/15,Sunday,Weekend,2015,"7,321",77,64
8/23/15,Sunday,Weekend,2015,"7,480",75.9,62.1
8/16/15,Sunday,Weekend,2015,"8,005",88,71.1
8/9/15,Sunday,Weekend,2015,"6,997",80.1,66.9
8/2/15,Sunday,Weekend,2015,"7,301",90,68
7/26/15,Sunday,Weekend,2015,"7,701",80.1,66
7/19/15,Sunday,Weekend,2015,"8,273",84.9,69.1
7/12/15,Sunday,Weekend,2015,"8,479",82,69.1
7/5/15,Sunday,Weekend,2015,"6,527",82,61
6/28/15,Sunday,Weekend,2015,"7,453",78.1,54
6/21/15,Sunday,Weekend,2015,"7,060",84,66.9
6/14/15,Sunday,Weekend,2015,"5,793",82,69.1
6/7/15,Sunday,Weekend,2015,"4,594",80.1,55.9
5/31/15,Sunday,Weekend,2015,"3,175",54,42.1
5/24/15,Sunday,Weekend,2015,"3,328",72,61
5/17/15,Sunday,Weekend,2015,"5,357",81,66
5/10/15,Sunday,Weekend,2015,"2,118",53.1,46
5/3/15,Sunday,Weekend,2015,"4,187",77,57
4/26/15,Sunday,Weekend,2015,"3,084",55.9,35.1
4/19/15,Sunday,Weekend,2015,"2,399",66.9,48
4/12/15,Sunday,Weekend,2015,"3,847",66.9,41
4/5/15,Sunday,Weekend,2015,"2,290",66,37.9
3/29/15,Sunday,Weekend,2015,"1,070",46.9,23
3/22/15,Sunday,Weekend,2015,"1,383",33.1,26.6
3/15/15,Sunday,Weekend,2015,"2,818",62.1,30
3/8/15,Sunday,Weekend,2015,"1,342",39,28.9
3/1/15,Sunday,Weekend,2015,668,24.8,10
2/22/15,Sunday,Weekend,2015,751,28,3
2/15/15,Sunday,Weekend,2015,228,14,-2.9
2/8/15,Sunday,Weekend,2015,826,39,25
2/1/15,Sunday,Weekend,2015,133,30.9,19
1/25/15,Sunday,Weekend,2015,616,34,24.1
1/18/15,Sunday,Weekend,2015,"1,419",39.9,28
1/11/15,Sunday,Weekend,2015,729,32,23
1/4/15,Sunday,Weekend,2015,370,33.1,1.9
12/25/15,Friday,Weekday,2015,621,43,33.1
12/18/15,Friday,Weekday,2015,"4,401",32,25
12/11/15,Friday,Weekday,2015,"6,761",50,42.1
12/4/15,Friday,Weekday,2015,"1,266",46.9,32
11/27/15,Friday,Weekday,2015,968,55.9,34
11/20/15,Friday,Weekday,2015,"5,613",39.9,30.9
11/13/15,Friday,Weekday,2015,"6,249",46,32
11/6/15,Friday,Weekday,2015,"7,681",64.9,41
10/30/15,Friday,Weekday,2015,"8,344",55,36
10/23/15,Friday,Weekday,2015,"8,296",62.1,52
10/16/15,Friday,Weekday,2015,"8,884",54,39.9
10/9/15,Friday,Weekday,2015,"9,663",64,46.9
10/2/15,Friday,Weekday,2015,"8,901",60.1,52
9/25/15,Friday,Weekday,2015,"11,323",72,60.1
9/18/15,Friday,Weekday,2015,"7,974",75,66.9
9/11/15,Friday,Weekday,2015,"7,952",66,55
9/4/15,Friday,Weekday,2015,"11,127",84,69.1
8/28/15,Friday,Weekday,2015,"11,220",72,59
8/21/15,Friday,Weekday,2015,"12,038",82,55.9
8/14/15,Friday,Weekday,2015,"11,011",89.1,70
8/7/15,Friday,Weekday,2015,"12,092",82,64
7/31/15,Friday,Weekday,2015,"12,216",86,66.9
7/24/15,Friday,Weekday,2015,"11,809",82.9,64.9
7/17/15,Friday,Weekday,2015,"10,790",91,71.1
7/10/15,Friday,Weekday,2015,"11,237",82,59
7/3/15,Friday,Weekday,2015,"7,613",75.9,55
6/26/15,Friday,Weekday,2015,"6,417",66.9,59
6/19/15,Friday,Weekday,2015,"10,013",66,54
6/12/15,Friday,Weekday,2015,"5,904",66.9,55.9
6/5/15,Friday,Weekday,2015,"8,469",70,55.9
5/29/15,Friday,Weekday,2015,"8,745",80.1,64
5/22/15,Friday,Weekday,2015,"8,132",66,46.9
5/15/15,Friday,Weekday,2015,"7,894",75.9,55.9
5/8/15,Friday,Weekday,2015,"5,695",81,64.9
5/1/15,Friday,Weekday,2015,"6,879",66,37.9
4/24/15,Friday,Weekday,2015,"5,021",55.9,30.9
4/17/15,Friday,Weekday,2015,"7,004",77,46
4/10/15,Friday,Weekday,2015,"3,692",60.1,39.9
4/3/15,Friday,Weekday,2015,"3,305",52,30.9
3/27/15,Friday,Weekday,2015,"2,040",30.9,21.9
3/20/15,Friday,Weekday,2015,"4,035",48.9,37.4
3/13/15,Friday,Weekday,2015,"4,918",64.9,37
3/6/15,Friday,Weekday,2015,"1,883",27,3
2/27/15,Friday,Weekday,2015,"1,256",14,-0.9
2/20/15,Friday,Weekday,2015,"1,348",17.1,-6
2/13/15,Friday,Weekday,2015,"1,726",26.1,5
2/6/15,Friday,Weekday,2015,"1,418",30,14
1/30/15,Friday,Weekday,2015,"2,863",28,19.9
1/23/15,Friday,Weekday,2015,"3,138",30.9,28.9
1/16/15,Friday,Weekday,2015,"2,630",33.1,23
1/9/15,Friday,Weekday,2015,831,10.9,1
1/2/15,Friday,Weekday,2015,"2,125",34,18
12/31/15,Thursday,Weekday,2015,"1,746",27,21.9
12/24/15,Thursday,Weekday,2015,"1,862",41,34
12/17/15,Thursday,Weekday,2015,"4,845",34,28
12/10/15,Thursday,Weekday,2015,"6,821",57,42.1
12/3/15,Thursday,Weekday,2015,"4,761",35.6,30.9
11/26/15,Thursday,Weekday,2015,970,60.1,48
11/19/15,Thursday,Weekday,2015,"6,118",46,35.1
11/12/15,Thursday,Weekday,2015,"5,637",55,42.1
11/5/15,Thursday,Weekday,2015,"9,630",69.1,60.1
10/29/15,Thursday,Weekday,2015,"7,174",46.9,36
10/22/15,Thursday,Weekday,2015,"9,983",62.1,52
10/15/15,Thursday,Weekday,2015,"9,986",68,46
10/8/15,Thursday,Weekday,2015,"10,749",77,52
10/1/15,Thursday,Weekday,2015,"10,081",59,52
9/24/15,Thursday,Weekday,2015,"11,745",75,57.9
9/17/15,Thursday,Weekday,2015,"10,171",84.9,61
9/10/15,Thursday,Weekday,2015,"10,799",73,55.9
9/3/15,Thursday,Weekday,2015,"11,290",90,71.1
8/27/15,Thursday,Weekday,2015,"11,805",73.9,52
8/20/15,Thursday,Weekday,2015,"12,025",73,59
8/13/15,Thursday,Weekday,2015,"12,293",84,66
8/6/15,Thursday,Weekday,2015,"12,649",82,66
7/30/15,Thursday,Weekday,2015,"12,752",88,64.9
7/23/15,Thursday,Weekday,2015,"12,305",84,64
7/16/15,Thursday,Weekday,2015,"8,187",73.9,57.9
7/9/15,Thursday,Weekday,2015,"10,563",75.9,57.9
7/2/15,Thursday,Weekday,2015,"10,251",68,53.1
6/25/15,Thursday,Weekday,2015,"9,481",79,62.1
6/18/15,Thursday,Weekday,2015,"9,891",79,59
6/11/15,Thursday,Weekday,2015,"9,839",71.1,59
6/4/15,Thursday,Weekday,2015,"10,272",80.1,57.9
5/28/15,Thursday,Weekday,2015,"9,925",82,55
5/21/15,Thursday,Weekday,2015,"8,699",68,45
5/14/15,Thursday,Weekday,2015,"6,839",64.9,43
5/7/15,Thursday,Weekday,2015,"8,570",82.9,53.1
4/30/15,Thursday,Weekday,2015,"5,981",48.9,37.9
4/23/15,Thursday,Weekday,2015,"5,458",54,33.1
4/16/15,Thursday,Weekday,2015,"5,254",64,44.6
4/9/15,Thursday,Weekday,2015,"2,414",70,41
4/2/15,Thursday,Weekday,2015,"3,539",64.9,50
3/26/15,Thursday,Weekday,2015,"3,192",41,32
3/19/15,Thursday,Weekday,2015,"3,879",46,37.9
3/12/15,Thursday,Weekday,2015,"4,487",55.9,30
3/5/15,Thursday,Weekday,2015,"1,768",15.1,3.9
2/26/15,Thursday,Weekday,2015,912,18,1
2/19/15,Thursday,Weekday,2015,893,3.9,-8
2/12/15,Thursday,Weekday,2015,"1,637",17.1,8.1
2/5/15,Thursday,Weekday,2015,952,14,-2
1/29/15,Thursday,Weekday,2015,"2,985",35.1,30
1/22/15,Thursday,Weekday,2015,"3,317",30.9,28
1/15/15,Thursday,Weekday,2015,"2,231",34,17.1
1/8/15,Thursday,Weekday,2015,593,18,-8
1/1/15,Thursday,Weekday,2015,712,30.9,14
12/30/15,Wednesday,Weekday,2015,"1,866",28.9,27
12/23/15,Wednesday,Weekday,2015,"3,354",57.9,39.9
12/16/15,Wednesday,Weekday,2015,"5,210",53.1,35.1
12/9/15,Wednesday,Weekday,2015,"7,042",52,39.9
12/2/15,Wednesday,Weekday,2015,"4,416",37,30.9
11/25/15,Wednesday,Weekday,2015,"4,838",51.1,30.9
11/18/15,Wednesday,Weekday,2015,"6,651",61,48
11/11/15,Wednesday,Weekday,2015,"7,596",62.1,37.9
11/4/15,Wednesday,Weekday,2015,"10,308",71.1,51.1
10/28/15,Wednesday,Weekday,2015,"6,082",55.9,37.9
10/21/15,Wednesday,Weekday,2015,"10,983",75,52
10/14/15,Wednesday,Weekday,2015,"10,286",63,42.1
10/7/15,Wednesday,Weekday,2015,"11,255",70,55
9/30/15,Wednesday,Weekday,2015,"10,965",60.1,53.1
9/23/15,Wednesday,Weekday,2015,"12,338",79,57.9
9/16/15,Wednesday,Weekday,2015,"12,398",82,57
9/9/15,Wednesday,Weekday,2015,"12,087",75.9,61
9/2/15,Wednesday,Weekday,2015,"11,742",89.1,72
8/26/15,Wednesday,Weekday,2015,"11,564",66,55.9
8/19/15,Wednesday,Weekday,2015,"12,244",75,63
8/12/15,Wednesday,Weekday,2015,"12,583",80.1,62.1
8/5/15,Wednesday,Weekday,2015,"12,976",81,62.1
7/29/15,Wednesday,Weekday,2015,"12,400",87.1,72
7/22/15,Wednesday,Weekday,2015,"12,434",82,64.9
7/15/15,Wednesday,Weekday,2015,"11,750",73.9,59
7/8/15,Wednesday,Weekday,2015,"10,289",66,54
7/1/15,Wednesday,Weekday,2015,"10,891",69.1,54
6/24/15,Wednesday,Weekday,2015,"10,910",77,61
6/17/15,Wednesday,Weekday,2015,"8,674",71.1,55.9
6/10/15,Wednesday,Weekday,2015,"10,882",90,70
6/3/15,Wednesday,Weekday,2015,"10,368",75.9,51.1
5/27/15,Wednesday,Weekday,2015,"9,548",73.9,61
5/20/15,Wednesday,Weekday,2015,"5,591",48,39.9
5/13/15,Wednesday,Weekday,2015,"6,933",52,41
5/6/15,Wednesday,Weekday,2015,"7,118",73.9,46
4/29/15,Wednesday,Weekday,2015,"6,638",60.1,39
4/22/15,Wednesday,Weekday,2015,"4,398",45,35.1
4/15/15,Wednesday,Weekday,2015,"6,301",63,43
4/8/15,Wednesday,Weekday,2015,"3,326",50,39.9
4/1/15,Wednesday,Weekday,2015,"4,844",72,35.1
3/25/15,Wednesday,Weekday,2015,"2,800",41,35.1
3/18/15,Wednesday,Weekday,2015,"3,900",48,28
3/11/15,Wednesday,Weekday,2015,"4,291",51.1,32
3/4/15,Wednesday,Weekday,2015,"2,086",30,10
2/25/15,Wednesday,Weekday,2015,"1,599",26.1,10.9
2/18/15,Wednesday,Weekday,2015,"1,368",7,-2.9
2/11/15,Wednesday,Weekday,2015,"2,544",35.1,18
2/4/15,Wednesday,Weekday,2015,934,25,3.9
1/28/15,Wednesday,Weekday,2015,"3,014",34,19.9
1/21/15,Wednesday,Weekday,2015,"3,157",32,28.9
1/14/15,Wednesday,Weekday,2015,"1,734",19,3
1/7/15,Wednesday,Weekday,2015,726,5,-5.1
12/29/15,Tuesday,Weekday,2015,"2,009",39,28.9
12/22/15,Tuesday,Weekday,2015,"4,618",41,35.1
12/15/15,Tuesday,Weekday,2015,"5,913",42.1,39
12/8/15,Tuesday,Weekday,2015,"6,428",46.9,37.4
12/1/15,Tuesday,Weekday,2015,"6,135",43,37
11/24/15,Tuesday,Weekday,2015,"5,170",39.9,24.1
11/17/15,Tuesday,Weekday,2015,"5,695",61,46.9
11/10/15,Tuesday,Weekday,2015,"8,335",55,35.1
11/3/15,Tuesday,Weekday,2015,"10,741",70,45
10/27/15,Tuesday,Weekday,2015,"6,840",55.9,51.1
10/20/15,Tuesday,Weekday,2015,"10,394",73.9,57
10/13/15,Tuesday,Weekday,2015,"10,104",62.1,48.9
10/6/15,Tuesday,Weekday,2015,"10,793",71.1,55
9/29/15,Tuesday,Weekday,2015,"9,217",66.9,55
9/22/15,Tuesday,Weekday,2015,"12,520",78.1,54
9/15/15,Tuesday,Weekday,2015,"12,264",82,63
9/8/15,Tuesday,Weekday,2015,"8,417",81,69.1
9/1/15,Tuesday,Weekday,2015,"12,189",88,70
8/25/15,Tuesday,Weekday,2015,"11,572",71.1,59
8/18/15,Tuesday,Weekday,2015,"10,007",82.9,68
8/11/15,Tuesday,Weekday,2015,"12,731",81,64.9
8/4/15,Tuesday,Weekday,2015,"12,828",81,61
7/28/15,Tuesday,Weekday,2015,"12,119",90,69.1
7/21/15,Tuesday,Weekday,2015,"12,446",81,66
7/14/15,Tuesday,Weekday,2015,"11,292",82,62.1
7/7/15,Tuesday,Weekday,2015,"8,845",71.1,55.9
6/30/15,Tuesday,Weekday,2015,"11,259",75.9,59
6/23/15,Tuesday,Weekday,2015,"11,918",80.6,66
6/16/15,Tuesday,Weekday,2015,"11,046",72,55.9
6/9/15,Tuesday,Weekday,2015,"11,243",84,60.1
6/2/15,Tuesday,Weekday,2015,"9,551",69.1,42.1
5/26/15,Tuesday,Weekday,2015,"7,395",73.4,64.9
5/19/15,Tuesday,Weekday,2015,"7,177",52,41
5/12/15,Tuesday,Weekday,2015,"6,501",55,45
5/5/15,Tuesday,Weekday,2015,"4,663",55.9,46.9
4/28/15,Tuesday,Weekday,2015,"6,551",55.9,37
4/21/15,Tuesday,Weekday,2015,"4,876",53.1,39
4/14/15,Tuesday,Weekday,2015,"6,717",66,41
4/7/15,Tuesday,Weekday,2015,"2,884",46,37.9
3/31/15,Tuesday,Weekday,2015,"3,703",57,39.9
3/24/15,Tuesday,Weekday,2015,"2,051",36,25
3/17/15,Tuesday,Weekday,2015,"3,487",45,30.9
3/10/15,Tuesday,Weekday,2015,"4,299",50,35.1
3/3/15,Tuesday,Weekday,2015,"1,557",34,24.1
2/24/15,Tuesday,Weekday,2015,"1,796",28.9,5
2/17/15,Tuesday,Weekday,2015,"1,839",19,8.1
2/10/15,Tuesday,Weekday,2015,"2,354",33.1,19
2/3/15,Tuesday,Weekday,2015,769,26.1,6.1
1/27/15,Tuesday,Weekday,2015,"2,580",30.9,21
1/20/15,Tuesday,Weekday,2015,"3,144",36,30
1/13/15,Tuesday,Weekday,2015,"1,620",19.4,6.1
1/6/15,Tuesday,Weekday,2015,921,10,-4
12/28/15,Monday,Weekday,2015,601,36,30.9
12/21/15,Monday,Weekday,2015,"3,492",52,41
12/14/15,Monday,Weekday,2015,"4,708",60.1,42.1
12/7/15,Monday,Weekday,2015,"5,688",37.9,28
11/30/15,Monday,Weekday,2015,"4,790",44.1,39
11/23/15,Monday,Weekday,2015,"4,112",37,25
11/16/15,Monday,Weekday,2015,"7,327",57,45
11/9/15,Monday,Weekday,2015,"7,731",55.9,30.9
11/2/15,Monday,Weekday,2015,"9,953",72,46.9
10/26/15,Monday,Weekday,2015,"9,372",60.1,39
10/19/15,Monday,Weekday,2015,"9,539",72,45
10/12/15,Monday,Weekday,2015,"10,007",75,55.9
10/5/15,Monday,Weekday,2015,"9,641",60.1,55
9/28/15,Monday,Weekday,2015,"11,592",77,64.9
9/21/15,Monday,Weekday,2015,"11,666",73,52
9/14/15,Monday,Weekday,2015,"11,299",82,52
9/7/15,Monday,Weekday,2015,"6,408",87.1,75.9
8/31/15,Monday,Weekday,2015,"11,743",84.9,62.1
8/24/15,Monday,Weekday,2015,"11,340",73.9,55
8/17/15,Monday,Weekday,2015,"10,493",87.1,69.1
8/10/15,Monday,Weekday,2015,"10,572",84,70
8/3/15,Monday,Weekday,2015,"11,804",82,66.9
7/27/15,Monday,Weekday,2015,"11,503",87.1,68
7/20/15,Monday,Weekday,2015,"11,026",84,64
7/13/15,Monday,Weekday,2015,"8,594",84.9,68
7/6/15,Monday,Weekday,2015,"9,364",82.9,64.9
6/29/15,Monday,Weekday,2015,"8,974",75,64
6/22/15,Monday,Weekday,2015,"8,884",82,66.9
6/15/15,Monday,Weekday,2015,"5,204",80.6,71.1
6/8/15,Monday,Weekday,2015,"7,921",82.9,62.1
6/1/15,Monday,Weekday,2015,"7,809",59,46
5/25/15,Monday,Weekday,2015,"4,772",78.1,66.9
5/18/15,Monday,Weekday,2015,"8,696",75.9,50
5/11/15,Monday,Weekday,2015,"5,343",68,46.9
5/4/15,Monday,Weekday,2015,"6,675",72,55
4/27/15,Monday,Weekday,2015,"5,917",55,39
4/20/15,Monday,Weekday,2015,"4,151",51.8,42.1
4/13/15,Monday,Weekday,2015,"5,459",64.9,53.1
4/6/15,Monday,Weekday,2015,"3,847",59,34
3/30/15,Monday,Weekday,2015,"3,623",60.1,35.1
3/23/15,Monday,Weekday,2015,920,32,28
3/16/15,Monday,Weekday,2015,"5,446",73,44.1
3/9/15,Monday,Weekday,2015,"3,795",48.9,26.1
3/2/15,Monday,Weekday,2015,"2,045",32,14
2/23/15,Monday,Weekday,2015,"1,364",10.9,-4
2/16/15,Monday,Weekday,2015,"1,208",18,5
2/9/15,Monday,Weekday,2015,"1,681",26.1,19
2/2/15,Monday,Weekday,2015,466,17.1,6.1
1/26/15,Monday,Weekday,2015,"2,304",26.1,16
1/19/15,Monday,Weekday,2015,"2,294",39.9,25
1/12/15,Monday,Weekday,2015,"1,287",28,15.1
1/5/15,Monday,Weekday,2015,"1,182",6.1,-2.9
12/27/14,Saturday,Weekend,2014,973,48,30.9
12/20/14,Saturday,Weekend,2014,"1,661",33.1,28.9
12/13/14,Saturday,Weekend,2014,"2,240",46.9,36
12/6/14,Saturday,Weekend,2014,"2,009",39,28.9
11/29/14,Saturday,Weekend,2014,"1,605",51.1,30
11/22/14,Saturday,Weekend,2014,"2,075",52,33.1
11/15/14,Saturday,Weekend,2014,"1,834",30,18
11/8/14,Saturday,Weekend,2014,"2,861",46,36
11/1/14,Saturday,Weekend,2014,"2,625",43,30
10/25/14,Saturday,Weekend,2014,"5,369",72,51.1
10/18/14,Saturday,Weekend,2014,"2,908",48.9,37
10/11/14,Saturday,Weekend,2014,"4,550",57.9,37
10/4/14,Saturday,Weekend,2014,"2,392",46,36
9/27/14,Saturday,Weekend,2014,"5,702",78.1,55.9
9/20/14,Saturday,Weekend,2014,"4,660",77,63
9/13/14,Saturday,Weekend,2014,"4,887",57,41
9/6/14,Saturday,Weekend,2014,"5,640",73.9,60.1
8/30/14,Saturday,Weekend,2014,"4,628",82,71.1
8/23/14,Saturday,Weekend,2014,"4,686",84,69.1
8/16/14,Saturday,Weekend,2014,"6,221",81,64
8/9/14,Saturday,Weekend,2014,"6,624",79,66.9
8/2/14,Saturday,Weekend,2014,"6,654",84.9,60.1
7/26/14,Saturday,Weekend,2014,"5,027",82.9,68
7/19/14,Saturday,Weekend,2014,"7,065",79,57
7/12/14,Saturday,Weekend,2014,"3,389",79,70
7/5/14,Saturday,Weekend,2014,"4,428",77,60.1
6/28/14,Saturday,Weekend,2014,"5,222",87.8,72
6/21/14,Saturday,Weekend,2014,"5,068",82.9,60.8
6/14/14,Saturday,Weekend,2014,"6,828",78.1,54
6/7/14,Saturday,Weekend,2014,"6,167",82.9,57.9
5/31/14,Saturday,Weekend,2014,"5,999",88,54
5/24/14,Saturday,Weekend,2014,"3,841",72,50
5/17/14,Saturday,Weekend,2014,"3,734",59,39.9
5/10/14,Saturday,Weekend,2014,"4,861",75.9,46.9
5/3/14,Saturday,Weekend,2014,"3,847",66,46.9
4/26/14,Saturday,Weekend,2014,"2,845",57.2,39.9
4/19/14,Saturday,Weekend,2014,"2,798",64.9,37
4/12/14,Saturday,Weekend,2014,"3,761",79,46.9
4/5/14,Saturday,Weekend,2014,"2,136",51.1,32
3/29/14,Saturday,Weekend,2014,"1,400",41,28.9
3/22/14,Saturday,Weekend,2014,"1,472",41,28.9
3/15/14,Saturday,Weekend,2014,"1,266",39,28.4
3/8/14,Saturday,Weekend,2014,733,35.6,21
3/1/14,Saturday,Weekend,2014,538,30,10.4
2/22/14,Saturday,Weekend,2014,917,34,21
2/15/14,Saturday,Weekend,2014,643,24.1,6.1
2/8/14,Saturday,Weekend,2014,290,16,6.1
2/1/14,Saturday,Weekend,2014,217,30.9,21
1/25/14,Saturday,Weekend,2014,397,32,7
1/18/14,Saturday,Weekend,2014,370,21,9
1/11/14,Saturday,Weekend,2014,752,39.9,30.9
1/4/14,Saturday,Weekend,2014,181,30.9,19.9
12/28/14,Sunday,Weekend,2014,913,35.1,21.9
12/21/14,Sunday,Weekend,2014,"1,336",36,30.9
12/14/14,Sunday,Weekend,2014,"2,350",50,45
12/7/14,Sunday,Weekend,2014,"1,648",36,27
11/30/14,Sunday,Weekend,2014,"1,511",50,24.1
11/23/14,Sunday,Weekend,2014,"1,342",51.1,48
11/16/14,Sunday,Weekend,2014,"1,459",30.9,18
11/9/14,Sunday,Weekend,2014,"2,674",51.1,35.1
11/2/14,Sunday,Weekend,2014,"2,922",50,27
10/26/14,Sunday,Weekend,2014,"4,039",63,43
10/19/14,Sunday,Weekend,2014,"3,881",54,33.8
10/12/14,Sunday,Weekend,2014,"4,208",61,39
10/5/14,Sunday,Weekend,2014,"3,492",53.1,37.9
9/28/14,Sunday,Weekend,2014,"5,299",75.9,53.1
9/21/14,Sunday,Weekend,2014,"4,190",69.8,53.1
9/14/14,Sunday,Weekend,2014,"4,997",64.4,42.1
9/7/14,Sunday,Weekend,2014,"5,630",79,57
8/31/14,Sunday,Weekend,2014,"4,721",84,69.1
8/24/14,Sunday,Weekend,2014,"5,793",87.8,70
8/17/14,Sunday,Weekend,2014,"4,701",70,64
8/10/14,Sunday,Weekend,2014,"5,609",80.1,70
8/3/14,Sunday,Weekend,2014,"4,000",86,64
7/27/14,Sunday,Weekend,2014,"5,869",86,64.9
7/20/14,Sunday,Weekend,2014,"6,153",82,61
7/13/14,Sunday,Weekend,2014,"5,163",84.9,68
7/6/14,Sunday,Weekend,2014,"4,702",86,64
6/29/14,Sunday,Weekend,2014,"5,912",84.9,69.1
6/22/14,Sunday,Weekend,2014,"5,614",82,63
6/15/14,Sunday,Weekend,2014,"4,716",82.9,60.1
6/8/14,Sunday,Weekend,2014,"4,746",72,54
6/1/14,Sunday,Weekend,2014,"4,896",88,63
5/25/14,Sunday,Weekend,2014,"4,222",82,50
5/18/14,Sunday,Weekend,2014,"4,443",69.1,46.9
5/11/14,Sunday,Weekend,2014,"2,981",81,53.1
5/4/14,Sunday,Weekend,2014,"2,463",57.9,46
4/27/14,Sunday,Weekend,2014,"2,274",59,42.1
4/20/14,Sunday,Weekend,2014,"2,914",78.8,44.1
4/13/14,Sunday,Weekend,2014,"1,594",68,42.8
4/6/14,Sunday,Weekend,2014,"2,132",55.9,30.9
3/30/14,Sunday,Weekend,2014,"2,141",57,26.1
3/23/14,Sunday,Weekend,2014,776,30.9,19.9
3/16/14,Sunday,Weekend,2014,629,28,19
3/9/14,Sunday,Weekend,2014,925,41,19.9
3/2/14,Sunday,Weekend,2014,318,12.9,1.9
2/23/14,Sunday,Weekend,2014,668,27,15.1
2/16/14,Sunday,Weekend,2014,443,28,17.6
2/9/14,Sunday,Weekend,2014,315,18,5
2/2/14,Sunday,Weekend,2014,360,21,5
1/26/14,Sunday,Weekend,2014,305,30.9,7
1/19/14,Sunday,Weekend,2014,490,36,10
1/12/14,Sunday,Weekend,2014,851,44.1,28.9
1/5/14,Sunday,Weekend,2014,32,28.9,12.9
12/26/14,Friday,Weekday,2014,"1,582",48.9,36
12/19/14,Friday,Weekday,2014,"3,383",30.9,27
12/12/14,Friday,Weekday,2014,"3,452",37,23
12/5/14,Friday,Weekday,2014,"3,937",39,33.1
11/28/14,Friday,Weekday,2014,"1,089",34,18
11/21/14,Friday,Weekday,2014,"3,500",34,9
11/14/14,Friday,Weekday,2014,"3,821",27,21
11/7/14,Friday,Weekday,2014,"5,507",43,30
10/31/14,Friday,Weekday,2014,"3,680",46.9,34
10/17/14,Friday,Weekday,2014,"6,721",59,48.9
10/10/14,Friday,Weekday,2014,"7,220",57,41
10/3/14,Friday,Weekday,2014,"4,970",66,44.1
9/26/14,Friday,Weekday,2014,"8,342",78.1,52
9/19/14,Friday,Weekday,2014,"8,482",78.1,54
9/12/14,Friday,Weekday,2014,"4,591",54,44.6
9/5/14,Friday,Weekday,2014,"6,599",86,64.9
8/29/14,Friday,Weekday,2014,"8,121",86,70
8/22/14,Friday,Weekday,2014,"7,906",86,73
8/15/14,Friday,Weekday,2014,"9,051",78.8,53.1
8/8/14,Friday,Weekday,2014,"9,015",81,66.2
8/1/14,Friday,Weekday,2014,"8,637",82,63
7/25/14,Friday,Weekday,2014,"8,667",73.9,55.4
7/18/14,Friday,Weekday,2014,"9,747",79,60.1
7/11/14,Friday,Weekday,2014,"8,188",80.6,60.8
7/4/14,Friday,Weekday,2014,"4,816",78.1,59
6/27/14,Friday,Weekday,2014,"8,795",87.8,59
6/20/14,Friday,Weekday,2014,"8,354",84.9,63
6/13/14,Friday,Weekday,2014,"8,644",73.9,55.9
6/6/14,Friday,Weekday,2014,"8,648",80.1,52
5/30/14,Friday,Weekday,2014,"7,811",79,53.1
5/23/14,Friday,Weekday,2014,"6,827",66.9,51.1
5/16/14,Friday,Weekday,2014,"3,300",46,37.9
5/9/14,Friday,Weekday,2014,"4,885",72,57
5/2/14,Friday,Weekday,2014,"4,486",52,46
4/25/14,Friday,Weekday,2014,"5,608",69.1,45
4/18/14,Friday,Weekday,2014,"3,791",51.1,37.4
4/11/14,Friday,Weekday,2014,"5,437",69.8,39
4/4/14,Friday,Weekday,2014,"2,328",44.6,35.1
3/28/14,Friday,Weekday,2014,"2,214",55,34
3/21/14,Friday,Weekday,2014,"3,326",57,30.9
3/14/14,Friday,Weekday,2014,"2,951",52,37.9
3/7/14,Friday,Weekday,2014,"2,183",46.9,17.1
2/28/14,Friday,Weekday,2014,"1,391",28.9,3
2/21/14,Friday,Weekday,2014,"1,310",37,26.1
2/14/14,Friday,Weekday,2014,"1,285",21,12
2/7/14,Friday,Weekday,2014,719,10.9,-2.9
1/31/14,Friday,Weekday,2014,"1,495",25,17.1
1/24/14,Friday,Weekday,2014,867,28,-5.1
1/17/14,Friday,Weekday,2014,"1,303",18,12
1/10/14,Friday,Weekday,2014,789,39.9,28
1/3/14,Friday,Weekday,2014,6,-2.9,-8
12/25/14,Thursday,Weekday,2014,433,42.1,33.1
12/18/14,Thursday,Weekday,2014,"3,251",28,19
12/11/14,Thursday,Weekday,2014,"3,603",32,23
12/4/14,Thursday,Weekday,2014,"3,898",34,23
11/27/14,Thursday,Weekday,2014,551,26.1,15.1
11/20/14,Thursday,Weekday,2014,"3,276",27,15.1
11/13/14,Thursday,Weekday,2014,"3,735",28,24.1
11/6/14,Thursday,Weekday,2014,"5,474",50,37.9
10/30/14,Thursday,Weekday,2014,"6,690",50,34
10/23/14,Thursday,Weekday,2014,"7,242",59,36
10/16/14,Thursday,Weekday,2014,"6,816",55.9,50
10/9/14,Thursday,Weekday,2014,"7,706",61,46
10/2/14,Thursday,Weekday,2014,"7,487",71.6,63
9/25/14,Thursday,Weekday,2014,"8,504",73,57
9/18/14,Thursday,Weekday,2014,"8,321",68,53.1
9/11/14,Thursday,Weekday,2014,"7,644",55.9,50
9/4/14,Thursday,Weekday,2014,"7,910",84,72
8/28/14,Thursday,Weekday,2014,"9,208",77,66.9
8/21/14,Thursday,Weekday,2014,"4,495",78.1,71.1
8/14/14,Thursday,Weekday,2014,"9,311",71.6,60.1
8/7/14,Thursday,Weekday,2014,"9,275",80.1,62.6
7/31/14,Thursday,Weekday,2014,"9,533",84,60.1
7/24/14,Thursday,Weekday,2014,"9,756",75,57.2
7/17/14,Thursday,Weekday,2014,"9,838",75.9,55.9
7/10/14,Thursday,Weekday,2014,"9,625",79,60.1
7/3/14,Thursday,Weekday,2014,"8,505",73.9,55.9
6/26/14,Thursday,Weekday,2014,"8,415",75.9,59
6/19/14,Thursday,Weekday,2014,"7,791",79,59
6/12/14,Thursday,Weekday,2014,"7,061",79,57.2
6/5/14,Thursday,Weekday,2014,"8,363",75.9,53.1
5/29/14,Thursday,Weekday,2014,"7,467",75,54
5/22/14,Thursday,Weekday,2014,"7,294",69.1,54
5/15/14,Thursday,Weekday,2014,"3,521",54,39.9
5/8/14,Thursday,Weekday,2014,"6,916",89.1,53.1
5/1/14,Thursday,Weekday,2014,"2,993",48.9,42.1
4/24/14,Thursday,Weekday,2014,"4,685",64,39
4/17/14,Thursday,Weekday,2014,"4,471",61,41
4/10/14,Thursday,Weekday,2014,"4,776",64.9,43
4/3/14,Thursday,Weekday,2014,"1,605",42.8,35.6
3/27/14,Thursday,Weekday,2014,"1,791",51.8,34
3/20/14,Thursday,Weekday,2014,"2,716",46.9,30.2
3/13/14,Thursday,Weekday,2014,"1,651",39,12
3/6/14,Thursday,Weekday,2014,"1,500",32,17.1
2/27/14,Thursday,Weekday,2014,877,18,5
2/20/14,Thursday,Weekday,2014,969,46.9,34
2/13/14,Thursday,Weekday,2014,"1,338",32,14
2/6/14,Thursday,Weekday,2014,715,12.9,-0.9
1/30/14,Thursday,Weekday,2014,"1,312",33.1,19.9
1/23/14,Thursday,Weekday,2014,897,9,-5.1
1/16/14,Thursday,Weekday,2014,"1,627",34,19
1/9/14,Thursday,Weekday,2014,831,27,-0.9
1/2/14,Thursday,Weekday,2014,111,21,16
12/31/14,Wednesday,Weekday,2014,"1,318",18,3.9
12/24/14,Wednesday,Weekday,2014,"1,075",39.9,36
12/17/14,Wednesday,Weekday,2014,"3,321",28,24.1
12/10/14,Wednesday,Weekday,2014,"3,362",33.1,28
12/3/14,Wednesday,Weekday,2014,"3,809",36,24.1
11/26/14,Wednesday,Weekday,2014,"2,484",28.9,19
11/19/14,Wednesday,Weekday,2014,"3,423",32,17.1
11/12/14,Wednesday,Weekday,2014,"4,423",30.9,25
11/5/14,Wednesday,Weekday,2014,"7,029",59,37.9
10/29/14,Wednesday,Weekday,2014,"6,741",48,37.9
10/22/14,Wednesday,Weekday,2014,"7,362",55,39
10/15/14,Wednesday,Weekday,2014,"5,772",54,50
10/8/14,Wednesday,Weekday,2014,"8,309",64.9,45
10/1/14,Wednesday,Weekday,2014,"8,768",68,48.9
9/24/14,Wednesday,Weekday,2014,"8,824",80.1,54
9/17/14,Wednesday,Weekday,2014,"8,660",70,48
9/10/14,Wednesday,Weekday,2014,"5,154",79,57.9
9/3/14,Wednesday,Weekday,2014,"9,228",82.9,61
8/27/14,Wednesday,Weekday,2014,"9,481",80.6,68
8/20/14,Wednesday,Weekday,2014,"9,356",84.9,66
8/13/14,Wednesday,Weekday,2014,"7,595",81,57
8/6/14,Wednesday,Weekday,2014,"8,119",80.1,62.6
7/30/14,Wednesday,Weekday,2014,"9,784",78.1,60.1
7/23/14,Wednesday,Weekday,2014,"9,137",73.9,60.1
7/16/14,Wednesday,Weekday,2014,"9,579",71.1,55
7/9/14,Wednesday,Weekday,2014,"9,446",78.1,64
7/2/14,Wednesday,Weekday,2014,"7,365",70,57
6/25/14,Wednesday,Weekday,2014,"8,447",77,59
6/18/14,Wednesday,Weekday,2014,"6,367",81,61
6/11/14,Wednesday,Weekday,2014,"6,353",66,57
6/4/14,Wednesday,Weekday,2014,"5,013",70,55.9
5/28/14,Wednesday,Weekday,2014,"6,719",70,55.9
5/21/14,Wednesday,Weekday,2014,"7,830",86,64.9
5/14/14,Wednesday,Weekday,2014,"5,253",55.9,44.1
5/7/14,Wednesday,Weekday,2014,"5,852",77,48.9
4/30/14,Wednesday,Weekday,2014,"4,618",51.8,43
4/23/14,Wednesday,Weekday,2014,"4,581",51.8,34
4/16/14,Wednesday,Weekday,2014,"3,685",52,27
4/9/14,Wednesday,Weekday,2014,"5,028",62.6,35.1
4/2/14,Wednesday,Weekday,2014,"3,199",44.6,35.1
3/26/14,Wednesday,Weekday,2014,"2,342",39,16
3/19/14,Wednesday,Weekday,2014,"1,756",46.4,35.1
3/12/14,Wednesday,Weekday,2014,912,33.8,14
3/5/14,Wednesday,Weekday,2014,864,23,19
2/26/14,Wednesday,Weekday,2014,"1,093",18,1
2/19/14,Wednesday,Weekday,2014,"1,997",44.1,30.9
2/12/14,Wednesday,Weekday,2014,"1,240",23,-2
2/5/14,Wednesday,Weekday,2014,498,25,10.4
1/29/14,Wednesday,Weekday,2014,"1,033",23,1.9
1/22/14,Wednesday,Weekday,2014,903,14,0
1/15/14,Wednesday,Weekday,2014,"1,647",21,15.1
1/1/14,Wednesday,Weekday,2014,95,21.9,10.9
12/30/14,Tuesday,Weekday,2014,"1,978",19.9,9
12/23/14,Tuesday,Weekday,2014,"3,148",48,37.9
12/16/14,Tuesday,Weekday,2014,"3,488",45,28.9
12/9/14,Tuesday,Weekday,2014,"2,859",37.9,30.9
12/2/14,Tuesday,Weekday,2014,"3,673",33.1,19
11/25/14,Tuesday,Weekday,2014,"3,040",26.1,18
11/18/14,Tuesday,Weekday,2014,"2,669",18,9
11/11/14,Tuesday,Weekday,2014,"4,537",57.9,30.9
11/4/14,Tuesday,Weekday,2014,"6,394",59,44.1
10/28/14,Tuesday,Weekday,2014,"7,362",68,46.9
10/21/14,Tuesday,Weekday,2014,"7,075",52,46
10/14/14,Tuesday,Weekday,2014,"2,545",64.9,51.8
10/7/14,Tuesday,Weekday,2014,"8,166",64.9,48
9/30/14,Tuesday,Weekday,2014,"7,320",55.9,46.9
9/23/14,Tuesday,Weekday,2014,"8,732",73,51.1
9/16/14,Tuesday,Weekday,2014,"8,260",68,45
9/9/14,Tuesday,Weekday,2014,"8,259",78.8,64
9/2/14,Tuesday,Weekday,2014,"8,635",82,68
8/26/14,Tuesday,Weekday,2014,"9,025",84.9,71.1
8/19/14,Tuesday,Weekday,2014,"7,698",86,71.6
8/12/14,Tuesday,Weekday,2014,"7,571",70,62.1
8/5/14,Tuesday,Weekday,2014,"9,141",79,66
7/29/14,Tuesday,Weekday,2014,"9,471",80.1,59
7/22/14,Tuesday,Weekday,2014,"9,010",90,71.1
7/15/14,Tuesday,Weekday,2014,"8,983",70,55
7/8/14,Tuesday,Weekday,2014,"8,565",81,68
7/1/14,Tuesday,Weekday,2014,"9,373",80.1,66.9
6/24/14,Tuesday,Weekday,2014,"7,360",86,71.1
6/17/14,Tuesday,Weekday,2014,"8,338",90,77
6/10/14,Tuesday,Weekday,2014,"4,101",66.2,55.9
6/3/14,Tuesday,Weekday,2014,"8,230",80.1,68
5/27/14,Tuesday,Weekday,2014,"6,007",84.9,57.9
5/20/14,Tuesday,Weekday,2014,"7,125",84.9,62.1
5/13/14,Tuesday,Weekday,2014,"5,281",66.9,53.1
5/6/14,Tuesday,Weekday,2014,"4,931",62.1,42.1
4/29/14,Tuesday,Weekday,2014,"4,512",57.9,46.9
4/22/14,Tuesday,Weekday,2014,"4,846",59,39
4/15/14,Tuesday,Weekday,2014,"2,249",37.9,26.1
4/8/14,Tuesday,Weekday,2014,"4,146",59,44.1
4/1/14,Tuesday,Weekday,2014,"3,273",55.9,33.1
3/25/14,Tuesday,Weekday,2014,"1,972",30.9,21.9
3/18/14,Tuesday,Weekday,2014,"3,182",51.1,28.9
3/11/14,Tuesday,Weekday,2014,"2,775",48.9,35.6
3/4/14,Tuesday,Weekday,2014,"1,437",27,12.9
2/25/14,Tuesday,Weekday,2014,"1,449",22.1,6.1
2/18/14,Tuesday,Weekday,2014,"1,328",46,19
2/11/14,Tuesday,Weekday,2014,"1,027",14,-8
2/4/14,Tuesday,Weekday,2014,"1,165",24.1,9
1/28/14,Tuesday,Weekday,2014,436,3,-11
1/21/14,Tuesday,Weekday,2014,849,12,1
1/14/14,Tuesday,Weekday,2014,"2,063",34,21.9
12/29/14,Monday,Weekday,2014,"2,385",28.9,19.9
12/22/14,Monday,Weekday,2014,"1,943",41,28
12/15/14,Monday,Weekday,2014,"3,083",46.4,42.1
12/8/14,Monday,Weekday,2014,"2,342",37,32
12/1/14,Monday,Weekday,2014,"2,942",25,17.6
11/24/14,Monday,Weekday,2014,"1,932",48.9,24.1
11/17/14,Monday,Weekday,2014,"2,941",19,10.9
11/10/14,Monday,Weekday,2014,"6,379",62.1,43
11/3/14,Monday,Weekday,2014,"6,649",62.1,44.1
10/27/14,Monday,Weekday,2014,"7,814",75.9,51.1
10/20/14,Monday,Weekday,2014,"7,180",64,46.9
10/13/14,Monday,Weekday,2014,"4,707",66.9,55.9
10/6/14,Monday,Weekday,2014,"7,207",60.1,45
9/29/14,Monday,Weekday,2014,"8,028",82,54
9/22/14,Monday,Weekday,2014,"7,902",66.9,46
9/15/14,Monday,Weekday,2014,"7,436",62.1,51.1
9/8/14,Monday,Weekday,2014,"8,306",75.9,57
9/1/14,Monday,Weekday,2014,"4,390",82,71.6
8/25/14,Monday,Weekday,2014,"7,322",88,72
8/18/14,Monday,Weekday,2014,"9,023",82.4,64.4
8/11/14,Monday,Weekday,2014,"7,020",80.1,66.9
8/4/14,Monday,Weekday,2014,"7,785",82.9,68
7/28/14,Monday,Weekday,2014,"8,941",72,60.1
7/21/14,Monday,Weekday,2014,"9,291",84.9,64
7/14/14,Monday,Weekday,2014,"7,789",79,62.6
7/7/14,Monday,Weekday,2014,"8,192",88,72
6/30/14,Monday,Weekday,2014,"6,410",87.1,68
6/23/14,Monday,Weekday,2014,"6,642",81,66
6/16/14,Monday,Weekday,2014,"8,548",87.1,66.9
6/9/14,Monday,Weekday,2014,"7,116",75.9,55
6/2/14,Monday,Weekday,2014,"7,019",82,69.1
5/26/14,Monday,Weekday,2014,"3,850",87.1,62.1
5/19/14,Monday,Weekday,2014,"4,872",68,46.9
5/12/14,Monday,Weekday,2014,"5,781",84,64
5/5/14,Monday,Weekday,2014,"4,565",54,43
4/28/14,Monday,Weekday,2014,"2,408",55,46
4/21/14,Monday,Weekday,2014,"4,510",73,59
4/14/14,Monday,Weekday,2014,"1,575",64.4,30.2
4/7/14,Monday,Weekday,2014,"3,643",53.1,36
3/31/14,Monday,Weekday,2014,"3,725",66.9,43
3/24/14,Monday,Weekday,2014,"2,195",35.1,19.9
3/17/14,Monday,Weekday,2014,"2,112",39.9,19.9
3/10/14,Monday,Weekday,2014,"3,313",53.1,39.9
3/3/14,Monday,Weekday,2014,905,19,-0.9
2/24/14,Monday,Weekday,2014,"1,478",24.1,12
2/17/14,Monday,Weekday,2014,454,28,23
2/10/14,Monday,Weekday,2014,862,10.9,-2.9
2/3/14,Monday,Weekday,2014,"1,173",21,-5.1
1/27/14,Monday,Weekday,2014,377,5,-7.1
1/20/14,Monday,Weekday,2014,"1,124",35.1,15.1
1/13/14,Monday,Weekday,2014,"2,473",44.1,27
1/6/14,Monday,Weekday,2014,1,-15,-15